"app_id","ssn","year","zip_code","income","homeownership","purchases","credit_limit"
101157,476525396,2022,88454,93000,"Rent",795.690174810593,25800
101157,476525396,2023,88454,140000,"Own",25799.2642496282,25800
101157,476525396,2024,88454,134000,"Rent",25687.3607635086,25800
101407,843258275,2022,65997,97000,"Rent",233.163108040801,25100
101407,843258275,2023,65997,87000,"Own",1406.73520507487,25100
101407,843258275,2024,65997,89000,"Own",1352.42528922174,25100
101858,111535279,2022,94872,74000,"Own",4301.83934176936,32700
101858,111535279,2023,94872,75000,"Rent",4179.34776204342,30500
101858,111535279,2024,94872,89000,"Rent",21889.563591327,27200
102476,282680472,2022,36872,117000,"Rent",16082.7671387861,18100
102476,282680472,2023,36872,0,"Own",18099.9999999933,18100
102476,282680472,2024,36872,0,"Rent",16399.9999999976,16400
104682,725628314,2022,93788,132000,"Rent",9351.70842756177,11200
104682,725628314,2023,93788,68000,"Own",3052.87180831163,11200
104682,725628314,2024,93788,94000,"Own",4372.62979332046,9900
105745,458588403,2022,37815,81000,"Own",3407.66819135836,20100
105745,458588403,2023,37815,62000,"Rent",150.971116104551,20100
105745,458588403,2024,37815,79000,"Rent",297.312626675462,20100
106319,827960778,2022,81190,55000,"Rent",1338.08588792995,39400
106319,827960778,2023,81190,47000,"Rent",2282.8273074336,39400
106319,827960778,2024,81190,37000,"Rent",7779.32719944208,39400
107901,921238853,2022,27319,104000,"Own",20879.1422874774,21100
107901,921238853,2023,27319,146000,"Own",20199.9613805072,20200
107901,921238853,2024,27319,121000,"Own",15898.4138906957,15900
108750,318412652,2022,67492,10000,"Rent",16161.7644072566,16700
108750,318412652,2023,67492,12000,"Rent",15913.3357072208,16700
108750,318412652,2024,67492,6000,"Rent",16626.6570125341,16700
110627,573442688,2022,61182,58000,"Rent",463.974759207083,20100
110627,573442688,2023,61182,29000,"Rent",6447.30123261547,20100
110627,573442688,2024,61182,12000,"Rent",19629.1138345686,20100
111742,535469132,2022,39068,110000,"Rent",845.330815628289,10400
111742,535469132,2023,39068,137000,"Rent",9572.40141688724,9800
111742,535469132,2024,39068,201000,"Rent",9199.99999999997,9200
113314,891215345,2022,84085,54000,"Rent",1476.16263843213,12700
113314,891215345,2023,84085,58000,"Rent",2991.90512067282,12000
113314,891215345,2024,84085,41000,"Own",11024.9256326424,11400
116357,485894483,2022,42665,64000,"Rent",111.449690213407,13500
116357,485894483,2023,42665,57000,"Rent",103.217735035385,13500
116357,485894483,2024,42665,118000,"Own",13474.2488984863,13500
118015,284980698,2022,82534,47000,"Rent",4965.00636200883,30200
118015,284980698,2023,82534,74000,"Rent",4606.20319855388,30200
118015,284980698,2024,82534,62000,"Rent",7013.07011961931,29200
123360,847033734,2022,69688,74000,"Rent",336.624880101599,15100
123360,847033734,2023,69688,113000,"Own",14530.9092428357,15100
123360,847033734,2024,69688,163000,"Own",15099.9999962732,15100
125586,517403783,2022,28869,86000,"Rent",290.300512322557,27500
125586,517403783,2023,28869,108000,"Own",7959.59453537987,27500
125586,517403783,2024,28869,152000,"Own",27499.3597610631,27500
126869,214299355,2022,79369,22000,"Rent",6559.44716777627,6600
126869,214299355,2023,79369,14000,"Rent",6592.31052278802,6600
126869,214299355,2024,79369,17000,"Own",6099.5494514502,6100
129606,143936888,2022,55217,38000,"Own",3676.65220224723,27000
129606,143936888,2023,55217,25000,"Rent",2203.3507717079,26000
129606,143936888,2024,55217,34000,"Own",20913.9061836097,23000
131237,531119744,2022,78587,50000,"Own",7599.86405556844,7600
131237,531119744,2023,78587,41000,"Rent",6999.87129585205,7000
131237,531119744,2024,78587,62000,"Own",6499.97902241904,6500
131998,314176796,2022,19312,41000,"Rent",2698.09524249191,2800
131998,314176796,2023,19312,40000,"Rent",2464.9565748446,2500
131998,314176796,2024,19312,43000,"Rent",2464.24781331304,2500
133002,694573264,2022,54539,36000,"Rent",624.105334760359,39700
133002,694573264,2023,54539,59000,"Rent",142.561327145872,39700
133002,694573264,2024,54539,79000,"Rent",337.936905496456,39700
134930,485606062,2022,39038,83000,"Own",1304.52184798577,31100
134930,485606062,2023,39038,81000,"Own",999.065715722347,31100
134930,485606062,2024,39038,60000,"Rent",151.140135803967,31100
137205,862142430,2022,12501,65000,"Rent",120.158343064647,23300
137205,862142430,2023,12501,54000,"Rent",266.369459617568,23300
137205,862142430,2024,12501,51000,"Rent",469.090120858785,23300
140619,581174328,2022,94071,73000,"Own",2091.9990560755,27500
140619,581174328,2023,94071,63000,"Rent",144.278362973925,27500
140619,581174328,2024,94071,73000,"Rent",206.780338795772,27500
140969,178240425,2022,90632,36000,"Own",6008.39897386941,10900
140969,178240425,2023,90632,63000,"Own",1256.16117552974,10900
140969,178240425,2024,90632,83000,"Rent",407.421656940021,10900
146336,996743231,2022,74363,85000,"Rent",1562.38783543727,15400
146336,996743231,2023,74363,150000,"Rent",14699.0848507013,14700
146336,996743231,2024,74363,2e+05,"Rent",12500,12500
152165,468504990,2022,92697,62000,"Rent",115.983199548516,13900
152165,468504990,2023,92697,61000,"Own",765.848979748362,13900
152165,468504990,2024,92697,54000,"Own",846.702416976563,13900
153983,394415662,2022,75116,74000,"Rent",102.683076652854,19400
153983,394415662,2023,75116,46000,"Rent",1466.00233600002,19400
153983,394415662,2024,75116,42000,"Rent",3453.3769358642,19400
155998,725988945,2022,50732,55000,"Rent",2290.44902907551,39300
155998,725988945,2023,50732,49000,"Rent",24572.3730897277,36800
155998,725988945,2024,50732,70000,"Own",23420.2309225877,35600
157184,744304171,2022,67781,61000,"Rent",127.952660192585,23600
157184,744304171,2023,67781,53000,"Own",970.908672776891,23600
157184,744304171,2024,67781,66000,"Rent",122.481235871262,23600
158047,747549410,2022,39243,34000,"Rent",909.747834799139,38200
158047,747549410,2023,39243,41000,"Own",3299.70698598263,38200
158047,747549410,2024,39243,41000,"Rent",570.738203580124,38200
159068,276035957,2022,78718,83000,"Rent",193.165338400451,14700
159068,276035957,2023,78718,73000,"Own",3165.87015171991,14700
159068,276035957,2024,78718,36000,"Rent",14656.3390742616,14700
160516,314391950,2022,31114,23000,"Own",27300.1781031502,28200
160516,314391950,2023,31114,39000,"Rent",8333.83457081844,27100
160516,314391950,2024,31114,63000,"Rent",2662.90776223242,26100
161000,198025365,2022,41740,53000,"Rent",271.442873415868,9400
161000,198025365,2023,41740,76000,"Own",8145.75771081668,9400
161000,198025365,2024,41740,106000,"Rent",9398.37725549412,9400
163068,846352223,2022,84697,95000,"Rent",237.397484899625,12300
163068,846352223,2023,84697,22000,"Own",12261.0252746308,12300
163068,846352223,2024,84697,38000,"Rent",5130.95305361446,12300
163370,648323787,2022,46917,58000,"Rent",353.229922201211,17200
163370,648323787,2023,46917,81000,"Rent",1368.15007208249,17200
163370,648323787,2024,46917,66000,"Rent",362.5221430597,17200
163657,384905268,2022,37844,70000,"Rent",157.230074150737,30500
163657,384905268,2023,37844,111000,"Own",26444.4884849782,30500
163657,384905268,2024,37844,159000,"Rent",30499.9996262293,30500
167179,350364121,2022,99342,29000,"Rent",6941.80589149396,16400
167179,350364121,2023,99342,33000,"Rent",5255.01274489388,16400
167179,350364121,2024,99342,54000,"Rent",788.131766402346,16400
167245,724638246,2022,49216,26000,"Rent",7926.7432162082,11800
167245,724638246,2023,49216,31000,"Rent",5602.23728807211,11800
167245,724638246,2024,49216,29000,"Rent",7579.31283652666,11800
170779,135302814,2022,65932,0,"Rent",299.999996287577,300
170779,135302814,2023,65932,0,"Own",299.999999725767,300
170779,135302814,2024,65932,0,"Rent",299.999999597404,300
176985,841491263,2022,19764,9000,"Rent",11786.923827507,11800
176985,841491263,2023,19764,14000,"Rent",11091.8870072269,11100
176985,841491263,2024,19764,18000,"Rent",11088.321016179,11100
178095,742828401,2022,22019,80000,"Rent",83.1834000537,19600
178095,742828401,2023,22019,48000,"Rent",2428.43074805109,19600
178095,742828401,2024,22019,92000,"Rent",91.7337376848474,19600
179494,673107164,2022,67972,98000,"Rent",4263.03051877089,8600
179494,673107164,2023,67972,77000,"Rent",1957.42438287796,8100
179494,673107164,2024,67972,115000,"Rent",7456.31435852579,7500
179690,358630574,2022,29296,70000,"Own",3638.27761294612,38800
179690,358630574,2023,29296,78000,"Rent",412.927936899515,38800
179690,358630574,2024,29296,103000,"Rent",1370.7567008351,38800
180145,621485422,2022,29375,54000,"Own",2981.91801035468,37300
180145,621485422,2023,29375,38000,"Rent",1382.32237163599,37300
180145,621485422,2024,29375,42000,"Own",6225.55670845438,37300
181853,584150091,2022,50044,88000,"Rent",12585.8693317834,13600
181853,584150091,2023,50044,112000,"Rent",13599.4092284742,13600
181853,584150091,2024,50044,132000,"Rent",13599.9998889875,13600
186792,243463397,2022,29289,102000,"Rent",691.121137747434,11100
186792,243463397,2023,29289,62000,"Own",805.940476912523,11100
186792,243463397,2024,29289,20000,"Rent",11008.1916552319,11100
188729,244169489,2022,81868,52000,"Rent",287.388870265839,21100
188729,244169489,2023,81868,39000,"Rent",175.708546365159,21100
188729,244169489,2024,81868,55000,"Rent",267.035405780555,21100
188821,258472250,2022,24527,78000,"Own",3583.40373421114,34700
188821,258472250,2023,24527,107000,"Rent",26475.2708253661,34700
188821,258472250,2024,24527,176000,"Rent",34699.9999999999,34700
189265,907860377,2022,35436,116000,"Rent",6985.0812564368,9500
189265,907860377,2023,35436,52000,"Rent",254.959306070596,9500
189265,907860377,2024,35436,29000,"Own",9143.93181026468,9500
191212,712325048,2022,76152,72000,"Rent",4353.28957539879,11500
191212,712325048,2023,76152,74000,"Rent",3871.11043597416,11500
191212,712325048,2024,76152,28000,"Rent",10199.9954706431,10200
191517,627376883,2022,73804,55000,"Own",1036.20564717566,34900
191517,627376883,2023,73804,74000,"Rent",158.00914373416,34900
191517,627376883,2024,73804,98000,"Rent",2726.36804354717,34900
192396,885275686,2022,25414,87000,"Own",16713.6215781359,35200
192396,885275686,2023,25414,78000,"Own",7416.42675327826,35200
192396,885275686,2024,25414,1e+05,"Rent",28647.3193289293,32800
193703,760809914,2022,93739,61000,"Rent",341.054409242756,38200
193703,760809914,2023,93739,45000,"Rent",1983.50274389662,37000
193703,760809914,2024,93739,24000,"Own",34716.6183115599,37000
193956,507235494,2022,30523,79000,"Own",858.375076656138,26300
193956,507235494,2023,30523,54000,"Own",2614.5071130221,26300
193956,507235494,2024,30523,79000,"Rent",105.594607570603,26300
194529,652988536,2022,81926,35000,"Own",2672.92508868215,10000
194529,652988536,2023,81926,33000,"Rent",425.952632626596,10000
194529,652988536,2024,81926,61000,"Own",7671.43641464803,10000
196066,426404327,2022,42071,69000,"Rent",99.7698749839081,19200
196066,426404327,2023,42071,118000,"Rent",13301.3019523914,19200
196066,426404327,2024,42071,151000,"Own",19199.9897879778,19200
202665,423535354,2022,89785,106000,"Rent",289.495213055347,17700
202665,423535354,2023,89785,63000,"Rent",785.155302693351,17700
202665,423535354,2024,89785,69000,"Rent",402.915792656554,17700
203943,724648086,2022,86989,52000,"Rent",192.413628346303,19900
203943,724648086,2023,86989,82000,"Rent",183.279751965046,19900
203943,724648086,2024,86989,84000,"Rent",178.853996520173,19900
207224,837628442,2022,11745,103000,"Rent",10730.1087038438,12000
207224,837628442,2023,11745,117000,"Rent",11284.7658979603,11300
207224,837628442,2024,11745,46000,"Own",9991.36110775302,10600
207653,310887043,2022,32485,69000,"Rent",4799.3710995004,4800
207653,310887043,2023,32485,63000,"Own",4799.88465789081,4800
207653,310887043,2024,32485,54000,"Rent",4799.23316963838,4800
208465,479048797,2022,61717,55000,"Rent",1907.24739428736,22100
208465,479048797,2023,61717,0,"Own",22028.4344307047,22100
208465,479048797,2024,61717,0,"Own",22057.7822760007,22100
208981,442017654,2022,12115,69000,"Rent",134.997635849428,15300
208981,442017654,2023,12115,58000,"Own",1012.26800189725,15300
208981,442017654,2024,12115,104000,"Own",12075.4006129994,15300
209341,438854756,2022,48436,44000,"Rent",13790.8164995293,13800
209341,438854756,2023,48436,76000,"Rent",13754.8032904641,13800
209341,438854756,2024,48436,50000,"Own",13798.1832061607,13800
209752,923227999,2022,13196,33000,"Own",15554.2675497865,15600
209752,923227999,2023,13196,38000,"Rent",15056.2071520961,15600
209752,923227999,2024,13196,42000,"Rent",14538.4425646456,14800
217545,801933665,2022,10354,88000,"Rent",645.026356222791,25700
217545,801933665,2023,10354,47000,"Rent",292.209887709582,25700
217545,801933665,2024,10354,52000,"Own",1416.09888667419,25700
218941,823779571,2022,88480,102000,"Own",588.685815889041,14900
218941,823779571,2023,88480,113000,"Rent",201.786504017208,14900
218941,823779571,2024,88480,0,"Own",14899.9999982138,14900
222139,405736815,2022,26172,107000,"Rent",7439.60915504797,16700
222139,405736815,2023,26172,119000,"Own",16534.9686112997,16700
222139,405736815,2024,26172,84000,"Own",1319.81330893635,16700
222965,360002202,2022,29544,82000,"Own",17930.2176407558,33900
222965,360002202,2023,29544,32000,"Rent",892.964742857358,33900
222965,360002202,2024,29544,41000,"Rent",430.893805611897,33900
224234,610040927,2022,91164,73000,"Own",1767.13748582495,34800
224234,610040927,2023,91164,102000,"Rent",15163.9487957553,34800
224234,610040927,2024,91164,150000,"Rent",34799.9995533411,34800
224633,899916011,2022,27677,49000,"Own",4308.84062962128,30900
224633,899916011,2023,27677,70000,"Rent",2660.83367207361,30900
224633,899916011,2024,27677,86000,"Rent",17295.464632329,30900
225334,717678347,2022,88608,69000,"Rent",967.383554591951,16900
225334,717678347,2023,88608,105000,"Rent",14482.961908131,16100
225334,717678347,2024,88608,142000,"Own",16099.9975522708,16100
225445,149871719,2022,58238,16000,"Rent",513.232383096209,17800
225445,149871719,2023,58238,18000,"Rent",462.455600041176,17800
225445,149871719,2024,58238,16000,"Own",3993.79534749893,17800
230341,921502990,2022,28413,36000,"Rent",933.371602038482,20100
230341,921502990,2023,28413,20000,"Rent",3698.1334859294,20100
230341,921502990,2024,28413,12000,"Own",17808.6561244212,20100
230722,740646811,2022,48775,58000,"Rent",823.529622792041,14600
230722,740646811,2023,48775,49000,"Own",9133.56603916684,13800
230722,740646811,2024,48775,53000,"Own",11381.5617846665,11700
233280,575061405,2022,84619,11000,"Rent",8242.0933796503,35200
233280,575061405,2023,84619,13000,"Rent",7576.4947099745,35200
233280,575061405,2024,84619,22000,"Own",10277.854494153,35200
233290,876052191,2022,19729,37000,"Own",1875.87453312566,31200
233290,876052191,2023,19729,42000,"Own",1898.56765496165,31200
233290,876052191,2024,19729,37000,"Rent",254.620354829588,31200
234808,653353951,2022,95019,46000,"Rent",471.828959671421,25500
234808,653353951,2023,95019,34000,"Own",8151.63731497882,25500
234808,653353951,2024,95019,53000,"Own",5783.3396989437,24500
242143,360002202,2022,29544,62000,"Rent",404.089160679463,33900
242143,360002202,2023,29544,9000,"Rent",22930.5422962639,33900
242143,360002202,2024,29544,8000,"Own",32862.9655701843,33900
245342,848015797,2022,41116,32000,"Rent",1520.14627113445,17200
245342,848015797,2023,41116,25000,"Own",13669.6667088132,17200
245342,848015797,2024,41116,11000,"Rent",16656.0603042113,17200
245355,190538318,2022,99612,61000,"Own",899.18284057473,33900
245355,190538318,2023,99612,79000,"Rent",218.863806135677,33900
245355,190538318,2024,99612,106000,"Rent",10529.5029958273,33900
248022,849527913,2022,65823,105000,"Rent",1633.30276349093,37000
248022,849527913,2023,65823,105000,"Rent",1274.44798689033,37000
248022,849527913,2024,65823,119000,"Rent",10679.6361034104,37000
251760,431592952,2022,45100,34000,"Own",22730.6329801193,22900
251760,431592952,2023,45100,43000,"Own",21880.5086906067,22900
251760,431592952,2024,45100,38000,"Own",21913.8131957204,22000
252064,665427718,2022,58819,86000,"Own",787.422010669708,11600
252064,665427718,2023,58819,134000,"Rent",11479.6642128483,11600
252064,665427718,2024,58819,94000,"Rent",164.934660057273,11600
252536,689736348,2022,89721,104000,"Rent",8244.52832689494,10500
252536,689736348,2023,89721,166000,"Own",9899.99999429518,9900
252536,689736348,2024,89721,175000,"Rent",8599.99999979083,8600
253110,781318012,2022,32369,30000,"Rent",311.190494047597,21100
253110,781318012,2023,32369,23000,"Rent",710.527124982372,21100
253110,781318012,2024,32369,30000,"Rent",378.267893846366,21100
254456,505867597,2022,90414,74000,"Own",5732.77178083593,27100
254456,505867597,2023,90414,115000,"Rent",27075.4814436412,27100
254456,505867597,2024,90414,77000,"Rent",905.669312772909,27100
257454,390409078,2022,84748,35000,"Rent",204.529274607458,18800
257454,390409078,2023,84748,20000,"Own",4446.72670551535,18800
257454,390409078,2024,84748,19000,"Own",5867.12613024461,18800
259131,404058590,2022,99961,48000,"Rent",371.24584858915,11800
259131,404058590,2023,99961,65000,"Rent",2434.3641826475,11100
259131,404058590,2024,99961,86000,"Rent",9983.33168476177,10400
259403,992691870,2022,41799,78000,"Rent",3504.74731054967,14700
259403,992691870,2023,41799,73000,"Own",6746.65502307989,14700
259403,992691870,2024,41799,66000,"Own",3767.04695070603,14700
259602,975629827,2022,16804,47000,"Rent",136.506017182812,10900
259602,975629827,2023,16804,57000,"Rent",160.697637291075,10900
259602,975629827,2024,16804,11000,"Rent",6116.71336684562,10900
260301,141796068,2022,89583,34000,"Rent",1780.39615073709,32900
260301,141796068,2023,89583,30000,"Own",20535.590680502,31800
260301,141796068,2024,89583,33000,"Rent",11610.7155016368,30700
260634,927680011,2022,35612,92000,"Own",6552.40402226516,34600
260634,927680011,2023,35612,156000,"Own",34599.9996032043,34600
260634,927680011,2024,35612,179000,"Rent",34599.999999988,34600
262346,429323136,2022,90426,6000,"Rent",31324.9216473,31600
262346,429323136,2023,90426,8000,"Rent",30390.9198401993,30500
262346,429323136,2024,90426,11000,"Own",27199.0532601705,27200
262642,236474196,2022,45140,76000,"Rent",298.938857306033,15800
262642,236474196,2023,45140,110000,"Rent",4937.23492977883,15000
262642,236474196,2024,45140,48000,"Rent",12227.015795754,14200
263492,511446382,2022,18654,49000,"Rent",216.672997168158,16400
263492,511446382,2023,18654,70000,"Rent",441.738308865348,16400
263492,511446382,2024,18654,59000,"Rent",205.853287497669,16400
263733,393376346,2022,33423,58000,"Rent",272.44433966779,15200
263733,393376346,2023,33423,39000,"Rent",5990.85420901965,15200
263733,393376346,2024,33423,44000,"Own",10338.4693504338,15200
264471,960923509,2022,64659,57000,"Rent",308.850705347775,9200
264471,960923509,2023,64659,44000,"Own",6860.93694381487,8600
264471,960923509,2024,64659,42000,"Rent",4040.75550637655,8600
271696,182778318,2022,29721,94000,"Rent",3718.77645822435,20200
271696,182778318,2023,29721,103000,"Rent",11780.5902680591,20200
271696,182778318,2024,29721,169000,"Own",20199.9999999993,20200
274277,533496938,2022,46086,59000,"Rent",123.844919885795,13500
274277,533496938,2023,46086,83000,"Rent",333.467838040219,13500
274277,533496938,2024,46086,141000,"Rent",13499.9356182892,13500
277539,829908974,2022,72233,49000,"Rent",274.932592083683,14900
277539,829908974,2023,72233,59000,"Own",2138.67485274518,14900
277539,829908974,2024,72233,40000,"Own",2535.60552112141,14900
277561,758081694,2022,24051,70000,"Rent",342.13078845909,15400
277561,758081694,2023,24051,35000,"Own",3086.60184023118,15400
277561,758081694,2024,24051,54000,"Own",1053.48167238657,15400
279639,632760769,2022,12252,43000,"Own",19247.5609274416,19500
279639,632760769,2023,12252,25000,"Own",15399.3442603653,15400
279639,632760769,2024,12252,30000,"Own",8499.97061515857,8500
281107,213478798,2022,15223,38000,"Own",2542.02035275216,37100
281107,213478798,2023,15223,58000,"Rent",1002.18946094596,37100
281107,213478798,2024,15223,65000,"Own",10173.1163339749,37100
281180,605576948,2022,55934,65000,"Rent",844.271463348748,16300
281180,605576948,2023,55934,91000,"Own",8037.90253134296,15500
281180,605576948,2024,55934,93000,"Rent",7412.76427209736,14000
284499,460381832,2022,22240,37000,"Rent",4763.93947964993,36000
284499,460381832,2023,22240,48000,"Own",9885.10503757073,36000
284499,460381832,2024,22240,33000,"Rent",11843.6411057015,36000
289280,292238913,2022,74444,50000,"Own",1204.90212383019,24100
289280,292238913,2023,74444,32000,"Own",4043.91438762682,24100
289280,292238913,2024,74444,32000,"Rent",743.663588627689,24100
297576,739772094,2022,16133,49000,"Rent",178.205344380627,31200
297576,739772094,2023,16133,77000,"Rent",275.534333812013,31200
297576,739772094,2024,16133,59000,"Own",911.86109649688,31200
297711,546312309,2022,35186,56000,"Rent",656.603322824698,20200
297711,546312309,2023,35186,60000,"Own",3317.00080008022,20200
297711,546312309,2024,35186,94000,"Own",7219.16131103244,19400
299620,752391598,2022,15896,104000,"Own",4899.99652738365,4900
299620,752391598,2023,15896,146000,"Rent",4899.9999999995,4900
299620,752391598,2024,15896,121000,"Own",2899.99999876306,2900
300603,431218798,2022,14204,83000,"Own",6498.46612375566,17800
300603,431218798,2023,14204,134000,"Rent",17788.6858753819,17800
300603,431218798,2024,14204,165000,"Rent",16999.9999925239,17000
300728,757629448,2022,15796,42000,"Own",1391.35858022264,13700
300728,757629448,2023,15796,70000,"Own",2010.69973283505,13700
300728,757629448,2024,15796,111000,"Own",13681.5660343537,13700
301718,191455031,2022,91985,63000,"Rent",204.989654501375,28500
301718,191455031,2023,91985,85000,"Rent",2406.43273513782,28500
301718,191455031,2024,91985,36000,"Own",2881.447853848,28500
301957,848929548,2022,75693,81000,"Own",739.705484385815,26300
301957,848929548,2023,75693,44000,"Own",25653.2332833481,26300
301957,848929548,2024,75693,24000,"Rent",26298.2401502782,26300
305367,163524129,2022,10630,64000,"Own",1008.94387452845,35200
305367,163524129,2023,10630,42000,"Own",3969.55051791099,35200
305367,163524129,2024,10630,29000,"Rent",5974.29859932093,35200
306190,494303111,2022,70374,60000,"Rent",299.920468459739,300
306190,494303111,2023,70374,56000,"Rent",299.989422038464,300
306190,494303111,2024,70374,29000,"Own",299.999935549124,300
307130,441152198,2022,95320,63000,"Rent",227.58764311452,11600
307130,441152198,2023,95320,118000,"Own",11598.0632895315,11600
307130,441152198,2024,95320,135000,"Rent",11599.9757338621,11600
307499,155186353,2022,92422,33000,"Rent",8812.97619618971,8900
307499,155186353,2023,92422,22000,"Rent",8891.80527021779,8900
307499,155186353,2024,92422,18000,"Own",8899.69522019212,8900
307888,404906738,2022,60060,0,"Own",15212.0023123209,16600
307888,404906738,2023,60060,0,"Rent",14046.7751701971,15000
307888,404906738,2024,60060,0,"Rent",13928.3680661371,14200
308574,744272537,2022,33498,75000,"Rent",89.4350487327835,32100
308574,744272537,2023,33498,30000,"Rent",24943.9916579789,32100
308574,744272537,2024,33498,22000,"Own",32045.0954715397,32100
312681,288525403,2022,33659,58000,"Rent",183.666204435972,26900
312681,288525403,2023,33659,103000,"Rent",3279.48843512838,26900
312681,288525403,2024,33659,90000,"Rent",375.713258427289,26900
314471,658756755,2022,24561,59000,"Own",11375.6383810771,38300
314471,658756755,2023,24561,66000,"Rent",1773.55073104088,38300
314471,658756755,2024,24561,76000,"Own",19744.1625046893,37100
316402,222339626,2022,66888,98000,"Rent",208.718434061729,29100
316402,222339626,2023,66888,143000,"Rent",28821.294065646,29100
316402,222339626,2024,66888,106000,"Rent",335.697050637465,29100
318387,397981150,2022,21570,43000,"Own",22067.4452812846,23200
318387,397981150,2023,21570,45000,"Rent",16140.9675048897,23200
318387,397981150,2024,21570,71000,"Rent",1669.49609199969,23200
321653,887700979,2022,22086,69000,"Rent",489.390443741707,8900
321653,887700979,2023,22086,121000,"Own",8899.8172631524,8900
321653,887700979,2024,22086,123000,"Rent",7199.95518306752,7200
321696,895567520,2022,63797,74000,"Own",736.362398456155,23900
321696,895567520,2023,63797,55000,"Rent",801.932381150977,23900
321696,895567520,2024,63797,36000,"Rent",18673.5286083086,23900
325147,201777667,2022,92836,50000,"Own",2230.60750355183,32800
325147,201777667,2023,92836,40000,"Rent",1141.70205797526,32800
325147,201777667,2024,92836,32000,"Own",17829.3342138436,32800
325263,623028225,2022,45468,92000,"Own",7998.58416414784,40300
325263,623028225,2023,45468,0,"Rent",40259.6299400929,40300
325263,623028225,2024,45468,0,"Own",40296.8337740182,40300
326000,319674267,2022,64147,46000,"Rent",162.394527102646,34500
326000,319674267,2023,64147,61000,"Rent",202.896337113643,34500
326000,319674267,2024,64147,47000,"Own",1174.03117892537,34500
326220,387978200,2022,94375,20000,"Rent",274.727270981872,33400
326220,387978200,2023,94375,30000,"Own",1754.66192148041,33400
326220,387978200,2024,94375,28000,"Rent",236.344135707424,33400
329166,871609785,2022,32096,30000,"Own",8305.40280497705,9500
329166,871609785,2023,32096,36000,"Rent",2999.08123696025,9500
329166,871609785,2024,32096,53000,"Own",4133.40324105276,9500
329878,733764036,2022,53539,40000,"Rent",214.215109174212,13600
329878,733764036,2023,53539,55000,"Rent",116.401165808909,13600
329878,733764036,2024,53539,33000,"Rent",538.769985695653,13600
330048,738852311,2022,94813,56000,"Rent",925.23952805348,15400
330048,738852311,2023,94813,67000,"Own",11892.8937030632,13900
330048,738852311,2024,94813,73000,"Rent",11360.5026608984,11800
332023,952075612,2022,74048,52000,"Own",6603.79145235218,33600
332023,952075612,2023,74048,26000,"Rent",16779.4114256019,33600
332023,952075612,2024,74048,15000,"Own",33396.438950436,33600
334141,513625502,2022,93393,59000,"Rent",134.899648132842,18600
334141,513625502,2023,93393,73000,"Own",1326.97925802109,18600
334141,513625502,2024,93393,120000,"Own",18575.0006964756,18600
335162,980239792,2022,74524,21000,"Own",22369.688449373,25600
335162,980239792,2023,74524,25000,"Rent",9083.3758826699,25600
335162,980239792,2024,74524,16000,"Rent",21813.0316107232,25600
336099,433684671,2022,57925,90000,"Rent",48.3493407484396,9300
336099,433684671,2023,57925,152000,"Rent",9269.12713770861,9300
336099,433684671,2024,57925,193000,"Rent",9299.99999974799,9300
336624,838251544,2022,46288,85000,"Rent",193.173107363567,37600
336624,838251544,2023,46288,40000,"Own",13494.8519695587,37600
336624,838251544,2024,46288,31000,"Rent",15704.772264605,37600
337377,140536283,2022,63716,70000,"Own",3509.4386099191,20300
337377,140536283,2023,63716,129000,"Rent",20299.9316941203,20300
337377,140536283,2024,63716,164000,"Rent",20299.9999999993,20300
339224,136815357,2022,61400,5000,"Own",21998.2890319244,25500
339224,136815357,2023,61400,5000,"Own",23146.5586480865,25500
339224,136815357,2024,61400,6000,"Rent",15324.8580156954,25500
340758,350921847,2022,61699,93000,"Own",2343.86309086595,16100
340758,350921847,2023,61699,191000,"Rent",15299.9999999999,15300
340758,350921847,2024,61699,188000,"Rent",14499.9999999996,14500
341365,843412560,2022,61896,70000,"Rent",398.147027052167,36700
341365,843412560,2023,61896,60000,"Rent",170.309715870812,36700
341365,843412560,2024,61896,79000,"Rent",747.810684289022,36700
341418,933658716,2022,43911,46000,"Rent",407.303202553182,11300
341418,933658716,2023,43911,5000,"Own",11290.061555022,11300
341418,933658716,2024,43911,6000,"Rent",11238.7299521865,11300
342499,103627917,2022,71153,57000,"Rent",3627.09830316307,29700
342499,103627917,2023,71153,54000,"Own",26144.049610668,27600
342499,103627917,2024,71153,83000,"Rent",2947.11585921886,27600
343195,376760055,2022,33892,63000,"Own",4197.20835034228,36500
343195,376760055,2023,33892,20000,"Rent",36495.7021481086,36500
343195,376760055,2024,33892,12000,"Rent",36499.940229067,36500
343927,393149542,2022,82717,55000,"Rent",13792.2914549861,13800
343927,393149542,2023,82717,13000,"Rent",13099.9759469496,13100
343927,393149542,2024,82717,9000,"Rent",6899.99995396189,6900
343977,337448746,2022,68989,28000,"Rent",10663.0732543533,37800
343977,337448746,2023,68989,19000,"Rent",33824.4732498458,36600
343977,337448746,2024,68989,8000,"Own",36589.6395882504,36600
346347,201777667,2022,92836,98000,"Rent",7064.58559041874,32800
346347,201777667,2023,92836,53000,"Rent",287.842924912699,32800
346347,201777667,2024,92836,25000,"Rent",14099.2621479311,32800
349355,723343314,2022,36287,32000,"Rent",1479.6412182975,32800
349355,723343314,2023,36287,37000,"Rent",783.647587769122,32800
349355,723343314,2024,36287,27000,"Rent",6109.35552308705,32800
349619,329170020,2022,89433,58000,"Rent",93.8570194083598,10100
349619,329170020,2023,89433,108000,"Rent",9459.6919618254,10100
349619,329170020,2024,89433,85000,"Rent",557.401074832033,10100
352947,141148819,2022,77908,115000,"Rent",3999.65406308104,4600
352947,141148819,2023,77908,186000,"Rent",2699.99999994672,2700
352947,141148819,2024,77908,248000,"Rent",1300,1300
353067,148803998,2022,93791,34000,"Rent",259.227022824161,38800
353067,148803998,2023,93791,21000,"Own",3807.10102714386,38800
353067,148803998,2024,93791,0,"Rent",13864.5785513029,38800
353422,133952694,2022,10254,66000,"Own",728.967537575956,9500
353422,133952694,2023,10254,112000,"Own",9296.31329997406,9500
353422,133952694,2024,10254,165000,"Own",9499.99999994733,9500
353649,590908278,2022,39262,45000,"Rent",422.960977152974,18100
353649,590908278,2023,39262,43000,"Rent",727.191684294532,18100
353649,590908278,2024,39262,10000,"Own",18092.3450322027,18100
355297,970164952,2022,66118,39000,"Rent",292.823017863931,37100
355297,970164952,2023,66118,5000,"Own",35942.0939305981,37100
355297,970164952,2024,66118,7000,"Rent",30079.0556136737,37100
356428,740187806,2022,17276,31000,"Rent",542.263892907549,32000
356428,740187806,2023,17276,34000,"Rent",449.590124289218,32000
356428,740187806,2024,17276,49000,"Own",1356.82064465543,32000
358259,731354498,2022,45955,65000,"Rent",137.024462066228,41300
358259,731354498,2023,45955,42000,"Own",18827.7125653384,41300
358259,731354498,2024,45955,40000,"Rent",9190.09923566003,41300
358570,605576948,2022,55934,98000,"Own",7987.90517118223,16300
358570,605576948,2023,55934,135000,"Rent",15486.3529662072,15500
358570,605576948,2024,55934,174000,"Own",13999.9999999868,14000
359173,275428009,2022,66119,23000,"Own",9450.65461388239,13000
359173,275428009,2023,66119,19000,"Rent",7536.42319061048,13000
359173,275428009,2024,66119,23000,"Rent",6019.07593743355,13000
362628,923360689,2022,85740,52000,"Rent",5972.51403821133,25700
362628,923360689,2023,85740,86000,"Own",720.436284083828,25700
362628,923360689,2024,85740,156000,"Rent",25641.4318455952,25700
364231,404265240,2022,54280,35000,"Own",25882.0636239102,32900
364231,404265240,2023,54280,54000,"Rent",847.270034165462,32900
364231,404265240,2024,54280,78000,"Rent",285.725150463789,32900
366925,350203277,2022,76181,68000,"Rent",550.601029489243,35600
366925,350203277,2023,76181,51000,"Rent",418.208582261712,35600
366925,350203277,2024,76181,44000,"Own",4997.44929768559,35600
369809,349397317,2022,64884,63000,"Rent",17133.1397924289,19400
369809,349397317,2023,64884,65000,"Own",19040.0482500593,19400
369809,349397317,2024,64884,122000,"Own",18599.8216632184,18600
370575,231364258,2022,77098,80000,"Rent",3334.79776156562,8000
370575,231364258,2023,77098,108000,"Rent",6845.93281560313,6900
370575,231364258,2024,77098,90000,"Rent",5807.18780368249,5900
371681,725540024,2022,81489,24000,"Rent",2949.43500249755,18100
371681,725540024,2023,81489,29000,"Own",7665.86071512959,18100
371681,725540024,2024,81489,31000,"Rent",1452.83306301912,18100
373310,405294551,2022,53998,77000,"Own",1633.99920973232,22300
373310,405294551,2023,53998,134000,"Rent",22111.8430163926,22300
373310,405294551,2024,53998,165000,"Rent",22299.9993291581,22300
376184,596726812,2022,16038,64000,"Rent",163.031685971312,9100
376184,596726812,2023,16038,43000,"Rent",152.946337238509,9100
376184,596726812,2024,16038,41000,"Own",1237.50069369723,9100
376500,282680472,2022,36872,92000,"Rent",10345.0109999465,18100
376500,282680472,2023,36872,87000,"Own",16595.2117555017,18100
376500,282680472,2024,36872,55000,"Own",16398.2934161179,16400
380635,716264926,2022,48110,13000,"Rent",2662.75514006433,16200
380635,716264926,2023,48110,10000,"Rent",4073.8538175282,16200
380635,716264926,2024,48110,17000,"Rent",2301.6567443635,16200
380645,618692041,2022,69387,49000,"Rent",1599.82971500166,1600
380645,618692041,2023,69387,58000,"Rent",1599.47085980477,1600
380645,618692041,2024,69387,3000,"Own",1599.99999999792,1600
382144,471742807,2022,17574,81000,"Rent",715.777226966392,36500
382144,471742807,2023,17574,72000,"Rent",1423.56492364696,36500
382144,471742807,2024,17574,62000,"Rent",12129.8035695714,35300
384401,101171966,2022,79142,48000,"Rent",6877.28862222646,22300
384401,101171966,2023,79142,51000,"Rent",11749.6579819655,21300
384401,101171966,2024,79142,42000,"Rent",12641.9096647603,21300
387303,968653593,2022,59378,78000,"Rent",9998.64029912086,10000
387303,968653593,2023,59378,40000,"Own",8799.99984447415,8800
387303,968653593,2024,59378,16000,"Own",6599.99999999935,6600
388010,887919418,2022,16818,65000,"Rent",184.725943072075,37100
388010,887919418,2023,16818,94000,"Rent",367.010908881921,37100
388010,887919418,2024,16818,142000,"Rent",37065.2636738447,37100
388039,442016093,2022,30769,57000,"Rent",179.332211628852,9700
388039,442016093,2023,30769,21000,"Rent",1612.53571382309,9700
388039,442016093,2024,30769,15000,"Own",8341.18303915846,9700
388436,819989252,2022,22824,67000,"Own",6736.74377557412,10900
388436,819989252,2023,22824,103000,"Rent",10877.9648431755,10900
388436,819989252,2024,22824,103000,"Rent",10864.2764264025,10900
389548,931091573,2022,87098,42000,"Rent",448.823722189056,13500
389548,931091573,2023,87098,73000,"Rent",5112.83874790593,13500
389548,931091573,2024,87098,70000,"Rent",2856.40863168498,13500
394215,196900847,2022,99384,53000,"Own",1144.39667695588,27600
394215,196900847,2023,99384,82000,"Rent",1702.92747775568,27600
394215,196900847,2024,99384,124000,"Own",27599.6983836724,27600
397235,326523427,2022,78033,66000,"Rent",350.699619686473,40400
397235,326523427,2023,78033,49000,"Rent",1573.01655572167,39200
397235,326523427,2024,78033,40000,"Own",27248.4068455671,37900
397313,946087864,2022,22968,70000,"Own",3474.93646675332,33900
397313,946087864,2023,22968,78000,"Rent",303.096255988546,33900
397313,946087864,2024,22968,90000,"Own",1532.64514739301,33900
397809,646754486,2022,82715,62000,"Rent",155.101892812722,21800
397809,646754486,2023,82715,9000,"Rent",18070.8546848722,21800
397809,646754486,2024,82715,10000,"Own",21320.170471375,21800
402010,428995504,2022,43722,91000,"Rent",226.561668851601,14200
402010,428995504,2023,43722,59000,"Rent",3988.31879164875,14200
402010,428995504,2024,43722,61000,"Rent",3834.43659577552,14200
409868,968424687,2022,75616,82000,"Rent",103.381554132729,35600
409868,968424687,2023,75616,90000,"Rent",83.9784246606134,35600
409868,968424687,2024,75616,30000,"Own",35588.5821588229,35600
410028,541813567,2022,37050,71000,"Own",2431.43358610292,34300
410028,541813567,2023,37050,116000,"Rent",25176.0477965009,34300
410028,541813567,2024,37050,156000,"Own",33199.9996238533,33200
413496,684533813,2022,46238,29000,"Own",16854.6743418283,17100
413496,684533813,2023,46238,0,"Rent",15399.9429252942,15400
413496,684533813,2024,46238,0,"Rent",15399.9634270259,15400
415038,155173582,2022,15363,53000,"Rent",182.380213046891,24200
415038,155173582,2023,15363,15000,"Own",22965.6003741368,24200
415038,155173582,2024,15363,18000,"Rent",14926.154095474,24200
415608,145006207,2022,39935,99000,"Rent",1239.25825057427,33800
415608,145006207,2023,39935,112000,"Own",27993.8750679366,32600
415608,145006207,2024,39935,111000,"Rent",18881.691133375,31500
417046,266212602,2022,60858,88000,"Rent",501.601283951367,24000
417046,266212602,2023,60858,98000,"Own",7370.72934908496,24000
417046,266212602,2024,60858,201000,"Rent",24000,24000
417349,212201011,2022,64719,95000,"Rent",2457.72086406738,35300
417349,212201011,2023,64719,172000,"Rent",35299.9999972036,35300
417349,212201011,2024,64719,104000,"Rent",4676.74512601621,35300
420464,512155386,2022,89500,75000,"Own",1948.48858142989,2000
420464,512155386,2023,89500,66000,"Rent",1697.73463885325,1800
420464,512155386,2024,89500,21000,"Rent",1799.98018435156,1800
424536,228161950,2022,95009,46000,"Own",3096.95080161055,3100
424536,228161950,2023,95009,69000,"Rent",3038.06651055057,3100
424536,228161950,2024,95009,1e+05,"Own",2799.8913087892,2800
425495,376081795,2022,24215,48000,"Own",3543.56818116546,29700
425495,376081795,2023,24215,56000,"Rent",1368.48643221756,28600
425495,376081795,2024,24215,72000,"Rent",3026.67580740733,28600
427015,463305581,2022,89074,52000,"Rent",187.409587623235,36500
427015,463305581,2023,89074,51000,"Own",1307.73423141907,36500
427015,463305581,2024,89074,68000,"Rent",356.197564255815,36500
431729,440668129,2022,96631,53000,"Rent",11019.7013601703,32500
431729,440668129,2023,96631,56000,"Own",27876.5752442404,31400
431729,440668129,2024,96631,73000,"Rent",9618.16879623113,29200
433086,938594550,2022,53679,51000,"Rent",580.20257525169,28000
433086,938594550,2023,53679,50000,"Rent",457.86130519354,28000
433086,938594550,2024,53679,75000,"Own",21587.436526701,28000
443149,391639208,2022,83118,50000,"Rent",224.690614816953,23600
443149,391639208,2023,83118,33000,"Own",12281.6821710073,23600
443149,391639208,2024,83118,0,"Rent",23596.4418228786,23600
444639,708463969,2022,75165,56000,"Rent",2327.63952416528,10500
444639,708463969,2023,75165,109000,"Rent",9184.01303150896,9200
444639,708463969,2024,75165,72000,"Own",8398.8189162497,8600
446316,720809210,2022,59479,93000,"Rent",19581.8924516645,19600
446316,720809210,2023,59479,121000,"Rent",18699.9990409031,18700
446316,720809210,2024,59479,90000,"Rent",18669.3781367959,18700
448926,309474456,2022,36293,22000,"Rent",10087.193193752,10100
448926,309474456,2023,36293,34000,"Own",6699.85733101755,6700
448926,309474456,2024,36293,15000,"Own",6699.98883300873,6700
449480,920347599,2022,65547,46000,"Rent",153.951536569732,13400
449480,920347599,2023,65547,65000,"Own",1122.64919045814,13400
449480,920347599,2024,65547,48000,"Rent",151.921784501791,13400
451120,779075556,2022,99759,57000,"Rent",923.889504547216,14700
451120,779075556,2023,99759,26000,"Rent",1130.07613481328,14700
451120,779075556,2024,99759,13000,"Own",12165.111409741,14700
451505,879715476,2022,44434,14000,"Rent",26060.0276388108,28700
451505,879715476,2023,44434,4000,"Rent",28617.831542771,28700
451505,879715476,2024,44434,3000,"Rent",28664.37342906,28700
451604,799215243,2022,52558,31000,"Own",14830.0593891112,15900
451604,799215243,2023,52558,43000,"Rent",12208.6157629174,15100
451604,799215243,2024,52558,18000,"Rent",14509.0738369513,15100
454440,690769380,2022,23477,44000,"Rent",4797.53511184183,4800
454440,690769380,2023,23477,55000,"Rent",4398.21124123234,4400
454440,690769380,2024,23477,42000,"Own",3999.97965351212,4000
455249,723016211,2022,24859,111000,"Rent",20858.0597282147,23300
455249,723016211,2023,24859,76000,"Rent",251.228893838799,23300
455249,723016211,2024,24859,35000,"Rent",2263.77740762142,23300
457986,373101063,2022,94180,83000,"Rent",5309.17520792722,7700
457986,373101063,2023,94180,70000,"Own",6985.78154493047,7200
457986,373101063,2024,94180,54000,"Rent",6553.51956884768,6700
459630,137853019,2022,18872,14000,"Rent",3657.62318564981,18700
459630,137853019,2023,18872,10000,"Rent",5799.29315799155,18700
459630,137853019,2024,18872,8000,"Rent",8272.8062109189,18700
460345,176478436,2022,46332,84000,"Rent",1771.84984166988,8100
460345,176478436,2023,46332,110000,"Own",6152.83102419463,8100
460345,176478436,2024,46332,173000,"Rent",6999.99990536952,7000
462930,410567917,2022,32520,72000,"Rent",696.98385784805,12200
462930,410567917,2023,32520,92000,"Rent",3878.25360232372,11600
462930,410567917,2024,32520,90000,"Own",9582.28433710205,10900
463823,352116620,2022,13166,79000,"Own",8992.30309146216,9000
463823,352116620,2023,13166,101000,"Own",8992.13676362823,9000
463823,352116620,2024,13166,108000,"Rent",8386.98763794846,8400
465420,882433971,2022,61331,52000,"Own",4383.30093005629,4400
465420,882433971,2023,61331,43000,"Rent",3991.43938360597,4000
465420,882433971,2024,61331,37000,"Own",3999.77508109406,4000
466144,918231652,2022,54617,73000,"Rent",295.692652316306,33900
466144,918231652,2023,54617,35000,"Own",24424.8447373614,33900
466144,918231652,2024,54617,38000,"Rent",6928.42555514997,33900
466779,244006278,2022,51688,51000,"Own",4304.39901127822,18200
466779,244006278,2023,51688,55000,"Rent",610.21735466766,18200
466779,244006278,2024,51688,47000,"Own",6830.27435640811,18200
468489,652690937,2022,30914,63000,"Rent",618.325642699992,18700
468489,652690937,2023,30914,61000,"Own",3617.44668762523,18700
468489,652690937,2024,30914,14000,"Rent",17752.1566146206,17900
469630,509262184,2022,54384,92000,"Rent",9596.8043661231,38100
469630,509262184,2023,54384,163000,"Own",38099.9999999989,38100
469630,509262184,2024,54384,176000,"Own",38100,38100
471843,111535279,2022,94872,83000,"Rent",691.635670844229,32700
471843,111535279,2023,94872,113000,"Own",29716.8635422673,30500
471843,111535279,2024,94872,121000,"Rent",27142.968316446,27200
476732,188536271,2022,68421,13000,"Rent",3840.6137060765,22000
476732,188536271,2023,68421,24000,"Own",6280.78179182246,22000
476732,188536271,2024,68421,27000,"Own",5457.81523644125,22000
476945,825248213,2022,15877,69000,"Rent",2445.74296848238,2600
476945,825248213,2023,15877,67000,"Own",399.897200613348,400
476945,825248213,2024,15877,71000,"Own",299.988044181686,300
482524,467296490,2022,91664,34000,"Rent",288.829879987979,21300
482524,467296490,2023,91664,52000,"Rent",145.704801764812,21300
482524,467296490,2024,91664,49000,"Rent",146.805935032044,21300
483492,322730247,2022,64619,57000,"Rent",234.001706685374,10400
483492,322730247,2023,64619,62000,"Own",1923.50143117908,10400
483492,322730247,2024,64619,65000,"Rent",317.220302379004,10400
485223,979230251,2022,74920,103000,"Own",10534.9898462508,29300
485223,979230251,2023,74920,201000,"Own",28200,28200
485223,979230251,2024,74920,57000,"Rent",18454.0541753892,27100
486107,752391598,2022,15896,51000,"Own",4888.81100312205,4900
486107,752391598,2023,15896,89000,"Rent",4898.19399620572,4900
486107,752391598,2024,15896,115000,"Rent",2899.99990922287,2900
487044,858237188,2022,74789,20000,"Rent",20090.7159737361,20200
487044,858237188,2023,74789,15000,"Rent",19395.7095687344,19400
487044,858237188,2024,74789,10000,"Rent",17599.9503737503,17600
487132,874826066,2022,25052,66000,"Own",2058.89793980966,25200
487132,874826066,2023,25052,55000,"Own",2869.70693977405,25200
487132,874826066,2024,25052,36000,"Rent",4979.55477665806,25200
487240,228550255,2022,10081,63000,"Own",4257.89153866985,28800
487240,228550255,2023,10081,47000,"Own",24647.2785517326,28800
487240,228550255,2024,10081,65000,"Own",4554.42195096394,28800
488626,940791248,2022,60793,42000,"Rent",306.276868471922,37900
488626,940791248,2023,60793,41000,"Rent",405.596751990805,37900
488626,940791248,2024,60793,32000,"Own",9635.25034296315,37900
490402,919681838,2022,87255,87000,"Own",19303.0624850813,29900
490402,919681838,2023,87255,69000,"Rent",341.873834522797,29900
490402,919681838,2024,87255,77000,"Rent",688.923402079362,29900
491249,376464494,2022,28604,53000,"Rent",106.183761649531,9900
491249,376464494,2023,28604,37000,"Rent",248.36304632345,9900
491249,376464494,2024,28604,49000,"Own",790.601786857681,9900
491573,596061801,2022,97379,82000,"Own",667.756656086269,10700
491573,596061801,2023,97379,58000,"Rent",172.675059025221,10700
491573,596061801,2024,97379,38000,"Own",8587.57425572359,10700
496082,718179876,2022,55640,46000,"Own",11484.8064140154,16200
496082,718179876,2023,55640,70000,"Rent",7329.49999215494,14700
496082,718179876,2024,55640,1e+05,"Rent",14032.6362951674,14700
496247,641386340,2022,98978,76000,"Rent",123.865614468305,39800
496247,641386340,2023,98978,33000,"Rent",12590.7468246971,39800
496247,641386340,2024,98978,35000,"Rent",12195.3270928508,39800
496572,495333380,2022,93159,68000,"Rent",272.995791638877,34900
496572,495333380,2023,93159,70000,"Own",1764.37320997485,34900
496572,495333380,2024,93159,66000,"Rent",382.167421492665,34900
498198,605754183,2022,99255,80000,"Rent",117.940574574891,11200
498198,605754183,2023,99255,137000,"Own",11199.3125138132,11200
498198,605754183,2024,99255,107000,"Own",7075.65512397707,11200
499031,542825505,2022,86756,42000,"Rent",147.821807695546,10900
499031,542825505,2023,86756,17000,"Rent",2953.53057861092,10900
499031,542825505,2024,86756,4000,"Own",10801.0197924108,10900
501533,517355776,2022,83251,41000,"Rent",619.971825564235,32700
501533,517355776,2023,83251,45000,"Rent",422.747752452744,32700
501533,517355776,2024,83251,32000,"Rent",4406.96521511358,32700
501670,743774531,2022,43731,105000,"Own",1242.93372176087,30200
501670,743774531,2023,43731,107000,"Own",1220.7915025244,30200
501670,743774531,2024,43731,137000,"Rent",4826.64123120713,30200
504169,800397564,2022,67834,76000,"Own",1802.5718785251,12400
504169,800397564,2023,67834,106000,"Rent",10629.5198147322,12400
504169,800397564,2024,67834,77000,"Rent",198.749570560826,12400
508649,809923444,2022,23100,97000,"Rent",10265.1671789607,13900
508649,809923444,2023,23100,137000,"Rent",13899.9976062812,13900
508649,809923444,2024,23100,134000,"Rent",13899.9791782229,13900
511565,409582012,2022,94989,31000,"Rent",556.962264048503,18700
511565,409582012,2023,94989,21000,"Own",11098.3949556798,18700
511565,409582012,2024,94989,18000,"Own",14923.4246385172,18700
512366,968653593,2022,59378,97000,"Own",9999.93037620571,10000
512366,968653593,2023,59378,174000,"Rent",8800,8800
512366,968653593,2024,59378,246000,"Rent",6600,6600
513014,259802341,2022,23978,25000,"Rent",3441.92417006228,10200
513014,259802341,2023,23978,25000,"Rent",7856.51601918457,8400
513014,259802341,2024,23978,21000,"Own",7793.00621551859,7800
513321,977347757,2022,96196,82000,"Rent",1039.9400885901,20200
513321,977347757,2023,96196,91000,"Rent",1935.46783256833,20200
513321,977347757,2024,96196,39000,"Own",18059.6000701439,20200
515896,528083336,2022,72461,46000,"Own",3721.62028640647,23600
515896,528083336,2023,72461,88000,"Own",23429.3445218652,23600
515896,528083336,2024,72461,56000,"Own",4839.8498438032,23600
516302,431961406,2022,98787,44000,"Rent",292.638391752039,12900
516302,431961406,2023,98787,27000,"Rent",688.983122604347,12900
516302,431961406,2024,98787,24000,"Own",5316.36874782481,12900
518194,156956345,2022,63522,52000,"Own",2610.37257067035,19400
518194,156956345,2023,63522,52000,"Rent",404.040010373123,19400
518194,156956345,2024,63522,66000,"Rent",397.994649360546,19400
518464,858955960,2022,67464,48000,"Own",21649.8843535682,21900
518464,858955960,2023,67464,48000,"Own",12799.3668500502,12800
518464,858955960,2024,67464,69000,"Own",11399.8297259467,11400
518847,465713308,2022,95763,88000,"Own",1353.60876622743,33100
518847,465713308,2023,95763,96000,"Rent",382.938623758035,33100
518847,465713308,2024,95763,68000,"Rent",113.180443800991,33100
519386,496847504,2022,57192,98000,"Rent",10813.6970116928,13600
519386,496847504,2023,57192,167000,"Rent",12899.9999985667,12900
519386,496847504,2024,57192,55000,"Own",12864.8076867574,12900
526311,725705104,2022,54913,50000,"Rent",311.937194656915,29400
526311,725705104,2023,54913,38000,"Rent",1547.37407331366,29400
526311,725705104,2024,54913,37000,"Rent",2315.37533314418,29400
527049,783044147,2022,77267,33000,"Own",6563.98439237754,28200
527049,783044147,2023,77267,38000,"Rent",653.02243165458,28200
527049,783044147,2024,77267,40000,"Rent",603.141130331852,28200
528795,160467560,2022,31985,82000,"Rent",190.657502750655,38800
528795,160467560,2023,31985,9000,"Rent",38799.8571430887,38800
528795,160467560,2024,31985,8000,"Rent",38799.9494769106,38800
529243,609438180,2022,27190,61000,"Rent",498.26362517466,23200
529243,609438180,2023,27190,105000,"Rent",3256.47598692483,23200
529243,609438180,2024,27190,1e+05,"Rent",1287.50190539632,23200
530051,161817736,2022,97820,40000,"Rent",267.574945611795,25000
530051,161817736,2023,97820,40000,"Rent",295.922685464179,25000
530051,161817736,2024,97820,47000,"Rent",190.941231745357,25000
533355,588578256,2022,81305,46000,"Own",2143.5546547344,10300
533355,588578256,2023,81305,28000,"Rent",1845.74459165364,10300
533355,588578256,2024,81305,35000,"Rent",984.057166538194,10300
534861,224017431,2022,46758,68000,"Rent",319.332423661895,24800
534861,224017431,2023,46758,67000,"Own",2510.56225359813,24800
534861,224017431,2024,46758,39000,"Rent",17112.4266634859,24800
535701,670503985,2022,13589,86000,"Own",5329.58759164362,9700
535701,670503985,2023,13589,131000,"Own",8364.61265712282,8500
535701,670503985,2024,13589,91000,"Own",7189.17892408069,7300
536243,614061796,2022,14681,61000,"Rent",308.930088832464,16200
536243,614061796,2023,14681,53000,"Rent",667.475237387554,16200
536243,614061796,2024,14681,63000,"Rent",318.122740839934,16200
536982,274612227,2022,17081,31000,"Rent",507.340644624609,8500
536982,274612227,2023,17081,55000,"Own",2370.13420111343,8500
536982,274612227,2024,17081,47000,"Own",1849.39783337154,8500
538387,164228821,2022,84845,87000,"Rent",3146.420830725,34600
538387,164228821,2023,84845,54000,"Own",4496.94036278597,34600
538387,164228821,2024,84845,68000,"Own",3405.73050708461,34600
538520,460425568,2022,94827,31000,"Rent",1383.82770578853,28400
538520,460425568,2023,94827,52000,"Rent",402.298027052672,28400
538520,460425568,2024,94827,64000,"Own",3432.01098597493,28400
542314,928440420,2022,57731,80000,"Rent",434.444682674914,33200
542314,928440420,2023,57731,69000,"Rent",200.130070165191,33200
542314,928440420,2024,57731,73000,"Rent",216.552457150806,33200
542717,223827486,2022,22643,58000,"Rent",130.995953608213,10200
542717,223827486,2023,22643,105000,"Rent",2472.08463409595,10200
542717,223827486,2024,22643,163000,"Rent",10199.9999837935,10200
543309,385568232,2022,70635,66000,"Own",5104.7132119745,25500
543309,385568232,2023,70635,51000,"Rent",241.065123651823,25500
543309,385568232,2024,70635,69000,"Rent",806.236197882367,25500
543821,693881906,2022,93511,45000,"Own",2648.90486369363,9500
543821,693881906,2023,93511,41000,"Own",3842.94738530119,9500
543821,693881906,2024,93511,56000,"Rent",278.845628548984,9500
544311,703278609,2022,67224,1e+05,"Rent",10440.6508680979,19600
544311,703278609,2023,67224,109000,"Rent",16007.9855851602,19600
544311,703278609,2024,67224,125000,"Rent",19510.8918969427,19600
545239,342757373,2022,34434,86000,"Rent",4080.67061344706,11400
545239,342757373,2023,34434,135000,"Rent",10799.9946176636,10800
545239,342757373,2024,34434,92000,"Rent",7767.77629581963,10800
545339,226930732,2022,68604,70000,"Own",3759.12079721014,8800
545339,226930732,2023,68604,97000,"Own",6957.83930248128,8800
545339,226930732,2024,68604,160000,"Rent",7599.99999546699,7600
549869,800020214,2022,19666,70000,"Rent",4427.19787236727,7500
549869,800020214,2023,19666,128000,"Rent",7499.99876532789,7500
549869,800020214,2024,19666,187000,"Rent",6500,6500
557492,251223197,2022,49939,66000,"Own",14942.839001677,15800
557492,251223197,2023,49939,92000,"Own",15795.5977879204,15800
557492,251223197,2024,49939,116000,"Rent",14199.9990614519,14200
557753,262989592,2022,51409,45000,"Own",11721.1683789654,33300
557753,262989592,2023,51409,62000,"Rent",14524.7306766394,28800
557753,262989592,2024,51409,63000,"Rent",23722.5425125134,26700
557785,831757638,2022,27801,78000,"Rent",182.754720115803,18300
557785,831757638,2023,27801,71000,"Rent",120.540625487309,18300
557785,831757638,2024,27801,61000,"Own",1003.05641776148,18300
557885,698463055,2022,44886,42000,"Own",4637.25765528224,23400
557885,698463055,2023,44886,6000,"Rent",23364.1447267597,23400
557885,698463055,2024,44886,1000,"Rent",23397.672007934,23400
559073,257156014,2022,80536,93000,"Rent",134.201302843235,31800
559073,257156014,2023,80536,103000,"Rent",247.67492393697,31800
559073,257156014,2024,80536,114000,"Own",5264.21324039948,31800
561978,899550068,2022,13869,61000,"Own",984.988435779109,22200
561978,899550068,2023,13869,67000,"Rent",167.012777269228,22200
561978,899550068,2024,13869,68000,"Own",1078.52370395634,22200
563310,501270934,2022,12130,120000,"Rent",2572.55875818725,13000
563310,501270934,2023,12130,192000,"Rent",12999.9999999967,13000
563310,501270934,2024,12130,279000,"Own",13000,13000
567369,697808703,2022,90587,76000,"Own",5491.01019517509,21800
567369,697808703,2023,90587,80000,"Own",6886.16358119759,21800
567369,697808703,2024,90587,106000,"Own",21663.8329456694,21800
575428,960923509,2022,64659,82000,"Own",1788.64899685484,9200
575428,960923509,2023,64659,73000,"Rent",472.976414704514,8600
575428,960923509,2024,64659,26000,"Rent",8361.20553012915,8600
576911,930001248,2022,18326,60000,"Rent",337.132436814454,10000
576911,930001248,2023,18326,82000,"Rent",874.646886957021,10000
576911,930001248,2024,18326,61000,"Rent",328.753086399992,10000
578836,184435501,2022,82923,50000,"Rent",1809.02099417203,21300
578836,184435501,2023,82923,45000,"Own",12912.4768582891,21300
578836,184435501,2024,82923,59000,"Rent",2625.95327151734,20400
579754,694824144,2022,22055,53000,"Rent",468.956983482708,29900
579754,694824144,2023,22055,122000,"Rent",29885.0892663107,29900
579754,694824144,2024,22055,76000,"Rent",853.70055217787,29900
584614,999721308,2022,18934,76000,"Rent",80.810891837919,19200
584614,999721308,2023,18934,67000,"Rent",118.173053604757,19200
584614,999721308,2024,18934,73000,"Rent",88.0932232629737,19200
585423,222163182,2022,47628,74000,"Rent",17632.6478535972,21100
585423,222163182,2023,47628,84000,"Rent",19199.5640575509,19300
585423,222163182,2024,47628,103000,"Own",19299.872035108,19300
586382,109160926,2022,46207,95000,"Rent",5242.71586271708,15100
586382,109160926,2023,46207,107000,"Own",13465.5512814689,13600
586382,109160926,2024,46207,119000,"Rent",12846.6156457196,12900
586603,433916202,2022,24336,53000,"Rent",1976.37571672868,11800
586603,433916202,2023,24336,41000,"Rent",9352.29303931762,11800
586603,433916202,2024,24336,37000,"Own",11697.0692967709,11800
587851,934395988,2022,52202,79000,"Rent",5941.64419108703,6200
587851,934395988,2023,52202,91000,"Rent",6101.69171633851,6200
587851,934395988,2024,52202,70000,"Own",5193.90508936458,5200
590226,226466390,2022,97705,41000,"Rent",899.224705912424,900
590226,226466390,2023,97705,51000,"Own",899.528046324641,900
590226,226466390,2024,97705,58000,"Rent",299.722625223939,300
592772,189136482,2022,91761,63000,"Rent",103.647142836496,16100
592772,189136482,2023,91761,72000,"Rent",84.8562668088531,16100
592772,189136482,2024,91761,105000,"Own",6465.21436491452,16100
593363,414399772,2022,53943,51000,"Own",3017.09205045003,36600
593363,414399772,2023,53943,17000,"Rent",35100.7121347343,36600
593363,414399772,2024,53943,25000,"Rent",28786.6762663848,36600
595683,164717595,2022,74022,42000,"Own",3676.51628776765,24400
595683,164717595,2023,74022,36000,"Rent",1858.1005823779,24400
595683,164717595,2024,74022,45000,"Own",3647.19968445114,24400
600917,618004621,2022,32828,50000,"Own",3956.44272227473,23700
600917,618004621,2023,32828,41000,"Own",10131.7566118446,23700
600917,618004621,2024,32828,58000,"Rent",350.224043674231,23700
603503,485200405,2022,81228,63000,"Own",7555.16992103076,7600
603503,485200405,2023,81228,69000,"Rent",6937.69473680267,7000
603503,485200405,2024,81228,69000,"Rent",5497.1832454832,5500
605873,535788665,2022,57085,50000,"Own",15268.8674250363,26900
605873,535788665,2023,57085,76000,"Rent",1713.76579949479,25900
605873,535788665,2024,57085,113000,"Rent",18335.638114237,25900
606421,741162313,2022,79339,77000,"Rent",124.042353345979,26000
606421,741162313,2023,79339,125000,"Rent",16551.9071736929,26000
606421,741162313,2024,79339,176000,"Rent",25999.9999785297,26000
606943,861612977,2022,69592,73000,"Rent",244.471369731364,21300
606943,861612977,2023,69592,85000,"Rent",849.13466986179,20300
606943,861612977,2024,69592,97000,"Own",8714.36790343847,20300
608257,932498179,2022,49466,93000,"Rent",2847.206321037,19400
608257,932498179,2023,49466,72000,"Own",17315.9021800139,18500
608257,932498179,2024,49466,77000,"Rent",10057.809511763,18500
608428,549786873,2022,54684,86000,"Rent",77.6932796706928,16800
608428,549786873,2023,54684,85000,"Rent",70.8152944757223,16800
608428,549786873,2024,54684,92000,"Own",557.604674274606,16800
609710,861710733,2022,80080,78000,"Rent",1426.21553241813,24800
609710,861710733,2023,80080,24000,"Rent",24798.4280669884,24800
609710,861710733,2024,80080,33000,"Own",23798.8965204178,23800
616939,319674267,2022,64147,43000,"Rent",177.125507476625,34500
616939,319674267,2023,64147,61000,"Own",1444.9204291774,34500
616939,319674267,2024,64147,44000,"Rent",188.516112463797,34500
617227,731793121,2022,24792,52000,"Rent",8057.04478775628,22200
617227,731793121,2023,24792,56000,"Rent",11807.595173587,22200
617227,731793121,2024,24792,94000,"Own",22199.9861060961,22200
617398,854101861,2022,17934,26000,"Own",5986.86630044234,40800
617398,854101861,2023,17934,27000,"Rent",961.414110765952,40800
617398,854101861,2024,17934,33000,"Own",3608.2153927037,40800
622684,835910481,2022,76371,47000,"Rent",177.410858186627,11200
622684,835910481,2023,76371,15000,"Rent",10193.4101862551,11200
622684,835910481,2024,76371,15000,"Rent",10556.0542617147,11200
622884,270303650,2022,13644,53000,"Own",996.50599496836,31600
622884,270303650,2023,13644,39000,"Own",2609.1486309445,31600
622884,270303650,2024,13644,31000,"Own",8009.21234100397,31600
624956,541175511,2022,22908,70000,"Own",749.591822794649,11000
624956,541175511,2023,22908,62000,"Own",1484.7397377366,11000
624956,541175511,2024,22908,39000,"Rent",7216.75670371373,11000
625524,224590884,2022,17144,68000,"Rent",102.20115371858,19400
625524,224590884,2023,17144,51000,"Rent",614.973344314357,19400
625524,224590884,2024,17144,27000,"Own",19142.4052669083,19400
628764,928440420,2022,57731,49000,"Rent",364.5277347665,33200
628764,928440420,2023,57731,23000,"Own",29480.0044356805,33200
628764,928440420,2024,57731,30000,"Rent",6938.15002722142,33200
631847,205869004,2022,16991,28000,"Rent",299.999916115963,300
631847,205869004,2023,16991,35000,"Own",299.99998329409,300
631847,205869004,2024,16991,52000,"Rent",299.999388672038,300
633373,912146509,2022,42564,32000,"Own",17265.3413392962,41300
633373,912146509,2023,42564,43000,"Own",4713.78562336989,41300
633373,912146509,2024,42564,51000,"Rent",301.326752521448,41300
637247,633209323,2022,77743,61000,"Rent",7453.56064285439,21300
637247,633209323,2023,77743,57000,"Own",19409.9246547432,20400
637247,633209323,2024,77743,20000,"Rent",20398.7100023421,20400
637815,904098771,2022,60341,51000,"Rent",508.645888719688,10500
637815,904098771,2023,60341,41000,"Own",6701.53288612389,10500
637815,904098771,2024,60341,48000,"Rent",947.414638590946,10500
641196,563321965,2022,87348,65000,"Rent",3933.39441191193,29800
641196,563321965,2023,87348,61000,"Rent",18491.933757583,26600
641196,563321965,2024,87348,60000,"Rent",21621.3139717278,25600
641439,331436500,2022,15753,67000,"Rent",797.303861892841,13200
641439,331436500,2023,15753,50000,"Own",1418.63859260378,13200
641439,331436500,2024,15753,38000,"Own",1848.56679830825,13200
646387,985572674,2022,99348,59000,"Rent",5342.89357543929,5400
646387,985572674,2023,99348,30000,"Own",5399.99333570793,5400
646387,985572674,2024,99348,48000,"Rent",5395.10003243053,5400
647772,497500290,2022,88570,65000,"Rent",785.225132696944,25900
647772,497500290,2023,88570,37000,"Own",21754.1932032769,25900
647772,497500290,2024,88570,38000,"Own",21927.9921704262,25900
651505,594569692,2022,60728,70000,"Rent",872.322483522988,34700
651505,594569692,2023,60728,78000,"Rent",2113.31091580717,34700
651505,594569692,2024,60728,70000,"Rent",496.437598162122,34700
652054,147867176,2022,54226,75000,"Rent",791.738666605743,20900
652054,147867176,2023,54226,41000,"Rent",915.289349550018,20900
652054,147867176,2024,54226,59000,"Rent",320.514231603386,20900
659664,935604749,2022,38976,56000,"Rent",331.830885695585,15200
659664,935604749,2023,38976,76000,"Rent",911.944386405688,14400
659664,935604749,2024,38976,110000,"Own",14248.3702640091,14400
662342,194684452,2022,38470,48000,"Rent",2598.26587921568,18700
662342,194684452,2023,38470,63000,"Rent",4516.45968464245,18700
662342,194684452,2024,38470,53000,"Own",13770.9253253599,17900
666828,557267572,2022,40466,43000,"Rent",151.953948494948,16600
666828,557267572,2023,40466,42000,"Own",1134.49021391711,16600
666828,557267572,2024,40466,43000,"Own",1131.94953478895,16600
669007,983180141,2022,45834,83000,"Rent",91.2911641241793,30900
669007,983180141,2023,45834,105000,"Own",758.032348091574,30900
669007,983180141,2024,45834,58000,"Rent",3560.26061344639,30900
670336,318402078,2022,63855,43000,"Rent",4393.71495915257,16300
670336,318402078,2023,63855,55000,"Rent",915.276360597455,16300
670336,318402078,2024,63855,31000,"Rent",15019.7648259969,15500
670821,793189861,2022,21890,60000,"Rent",171.335850811548,35400
670821,793189861,2023,21890,21000,"Own",34211.0878280063,35400
670821,793189861,2024,21890,11000,"Rent",35182.4709951459,35400
671579,614668673,2022,41098,70000,"Rent",208.427805069758,33100
671579,614668673,2023,41098,80000,"Rent",381.711433589093,33100
671579,614668673,2024,41098,141000,"Rent",33099.8112300414,33100
671712,962230541,2022,67734,12000,"Rent",4354.73588778726,32700
671712,962230541,2023,67734,7000,"Rent",11628.349212101,32700
671712,962230541,2024,67734,4000,"Rent",18649.4822570433,32700
675070,819025877,2022,60949,34000,"Rent",406.251603849626,32100
675070,819025877,2023,60949,54000,"Rent",138.749959318,32100
675070,819025877,2024,60949,31000,"Rent",818.472772537722,32100
675571,789365953,2022,28588,61000,"Own",8419.84962988165,15100
675571,789365953,2023,28588,66000,"Own",10987.8579899093,14300
675571,789365953,2024,28588,62000,"Rent",7742.82313452629,13500
676966,579855072,2022,71678,93000,"Own",640.147499614417,35600
676966,579855072,2023,71678,118000,"Rent",292.914159966107,35600
676966,579855072,2024,71678,102000,"Own",602.729156876565,35600
680035,199789158,2022,72265,48000,"Rent",217.355918955297,38800
680035,199789158,2023,72265,27000,"Own",18933.3764255902,38800
680035,199789158,2024,72265,38000,"Own",5490.64179824569,38800
681667,252812040,2022,94015,28000,"Rent",12440.478444778,14300
681667,252812040,2023,94015,20000,"Rent",12768.5103017885,12800
681667,252812040,2024,94015,16000,"Own",12099.6362113338,12100
682001,519324004,2022,44930,52000,"Rent",265.01973443841,38300
682001,519324004,2023,44930,81000,"Rent",9713.61895038936,38300
682001,519324004,2024,44930,72000,"Own",9118.95016113859,38300
688414,314814949,2022,20409,69000,"Rent",4813.42080324956,12600
688414,314814949,2023,20409,24000,"Rent",6482.27582492672,11900
688414,314814949,2024,20409,24000,"Rent",7139.74444982504,11900
689293,858164620,2022,40443,63000,"Own",6637.20504142583,24100
689293,858164620,2023,40443,49000,"Rent",11799.3544342443,22200
689293,858164620,2024,40443,50000,"Own",20415.5387635985,21300
697421,193161489,2022,35558,63000,"Rent",7557.2464444123,9400
697421,193161489,2023,35558,56000,"Own",7098.98692127372,7100
697421,193161489,2024,35558,33000,"Rent",6099.99844317169,6100
698279,828974077,2022,24176,69000,"Own",7719.18710819677,21700
698279,828974077,2023,24176,72000,"Rent",1327.67459693678,21700
698279,828974077,2024,24176,84000,"Rent",5546.59767374268,19900
698314,909035117,2022,93910,28000,"Rent",893.682098448797,36400
698314,909035117,2023,93910,9000,"Rent",21593.083061322,36400
698314,909035117,2024,93910,5000,"Rent",32082.7853392822,36400
699186,504221191,2022,76855,69000,"Rent",2599.72014544702,2600
699186,504221191,2023,76855,62000,"Own",299.999972214021,300
699186,504221191,2024,76855,105000,"Rent",299.999999091437,300
699285,601128999,2022,45984,0,"Own",17160.9329505011,17200
699285,601128999,2023,45984,0,"Rent",15571.9121182902,15600
699285,601128999,2024,45984,0,"Own",13299.9041407438,13300
699592,195056923,2022,54943,56000,"Rent",6414.14911373484,6600
699592,195056923,2023,54943,54000,"Own",899.995126547355,900
699592,195056923,2024,54943,69000,"Own",299.99999877834,300
700110,503416460,2022,61116,93000,"Rent",73.1996136560646,12600
700110,503416460,2023,61116,101000,"Rent",96.712237148956,12600
700110,503416460,2024,61116,232000,"Own",12600,12600
701502,958654972,2022,97004,58000,"Rent",146.493257944632,40700
701502,958654972,2023,97004,26000,"Own",26977.2295963833,40700
701502,958654972,2024,97004,38000,"Rent",1198.85378402302,40700
701707,370735897,2022,76270,1e+05,"Rent",477.973836587601,14100
701707,370735897,2023,76270,42000,"Rent",2586.18573765291,14100
701707,370735897,2024,76270,37000,"Rent",6625.52920030993,14100
704744,132505720,2022,78106,46000,"Rent",358.749243635752,10100
704744,132505720,2023,78106,19000,"Rent",4575.68773943935,10100
704744,132505720,2024,78106,12000,"Own",9844.00111525556,10100
710459,134025899,2022,90032,82000,"Own",1969.88431029632,18600
710459,134025899,2023,90032,55000,"Rent",1784.29012828562,17700
710459,134025899,2024,90032,66000,"Own",8329.20816612099,16900
711533,905828466,2022,21241,47000,"Rent",146.545093543613,17000
711533,905828466,2023,21241,32000,"Own",2758.33958346641,17000
711533,905828466,2024,21241,53000,"Rent",133.514581729607,17000
711859,656619575,2022,71084,42000,"Rent",2526.24031560136,26100
711859,656619575,2023,71084,65000,"Own",11005.098658498,26100
711859,656619575,2024,71084,57000,"Own",21278.9011220499,23100
712020,361454611,2022,73971,56000,"Rent",296.3497268526,37200
712020,361454611,2023,73971,46000,"Own",1429.38601447893,37200
712020,361454611,2024,73971,41000,"Own",1595.69524526203,37200
713926,835548231,2022,42930,61000,"Own",2599.14316295995,2600
713926,835548231,2023,42930,59000,"Rent",2595.22411553865,2600
713926,835548231,2024,42930,12000,"Own",2299.99999885164,2300
714453,132178875,2022,53540,73000,"Rent",1300.97220257559,13200
714453,132178875,2023,53540,55000,"Own",11631.4040066105,11800
714453,132178875,2024,53540,53000,"Rent",10897.0022779199,11100
717149,407101061,2022,23123,32000,"Own",10759.671322043,20200
717149,407101061,2023,23123,41000,"Own",15388.2884468217,18500
717149,407101061,2024,23123,64000,"Rent",7713.31023450059,18500
719048,872661620,2022,72737,103000,"Own",12860.1360877035,24200
719048,872661620,2023,72737,136000,"Own",23198.5372968753,23200
719048,872661620,2024,72737,98000,"Own",19373.8418444731,20400
719481,496794868,2022,41326,58000,"Rent",148.222023704245,33400
719481,496794868,2023,41326,74000,"Rent",179.330573458466,33400
719481,496794868,2024,41326,74000,"Own",1203.96651501446,33400
721535,783792659,2022,82519,32000,"Own",7403.11654626472,12100
721535,783792659,2023,82519,27000,"Rent",4806.61103991546,12100
721535,783792659,2024,82519,16000,"Own",11358.4910858571,11400
722846,546034775,2022,80742,41000,"Rent",1202.85461323662,19600
722846,546034775,2023,80742,65000,"Rent",109.647096201184,19600
722846,546034775,2024,80742,69000,"Own",702.039081527743,19600
725207,236460476,2022,70639,113000,"Own",3875.148022931,33600
725207,236460476,2023,70639,96000,"Own",652.389248981167,33600
725207,236460476,2024,70639,96000,"Own",598.332267084756,33600
725328,591035726,2022,36465,65000,"Own",9850.76134504561,9900
725328,591035726,2023,36465,53000,"Rent",8965.79998985002,9200
725328,591035726,2024,36465,37000,"Rent",9078.88068819,9200
725831,285125669,2022,62932,101000,"Rent",5355.66991619249,15700
725831,285125669,2023,62932,68000,"Rent",6077.59602083896,14900
725831,285125669,2024,62932,74000,"Own",12851.3491484757,14100
726915,372202985,2022,64212,63000,"Rent",388.733739984851,34000
726915,372202985,2023,64212,70000,"Rent",276.382179302147,34000
726915,372202985,2024,64212,62000,"Rent",528.358766679284,34000
729666,893741291,2022,64266,37000,"Rent",399.997315403903,400
729666,893741291,2023,64266,24000,"Rent",399.999908768565,400
729666,893741291,2024,64266,33000,"Own",299.999996928692,300
730798,132147316,2022,35076,56000,"Rent",456.366546580217,29600
730798,132147316,2023,35076,72000,"Own",2802.17784464124,29600
730798,132147316,2024,35076,89000,"Own",7994.63792061987,29600
734776,735936484,2022,84799,72000,"Rent",123.887329068379,9900
734776,735936484,2023,84799,82000,"Rent",189.503036976508,9900
734776,735936484,2024,84799,1e+05,"Rent",1415.82428901284,9900
739062,404659623,2022,48015,64000,"Rent",4102.98091012333,25200
739062,404659623,2023,48015,16000,"Rent",25052.2392208229,25200
739062,404659623,2024,48015,19000,"Rent",25002.8539804468,25200
739820,178130734,2022,37893,74000,"Rent",3472.64138688529,23600
739820,178130734,2023,37893,65000,"Rent",6567.06455497122,22700
739820,178130734,2024,37893,129000,"Rent",20799.8417962542,20800
740896,900767943,2022,52878,90000,"Rent",1500.20536442089,30000
740896,900767943,2023,52878,101000,"Rent",4541.62627146581,30000
740896,900767943,2024,52878,86000,"Own",5317.51764946905,30000
742192,339444811,2022,45922,54000,"Own",7463.45263292034,18600
742192,339444811,2023,45922,53000,"Rent",1624.82456379272,18600
742192,339444811,2024,45922,54000,"Rent",1610.38822481196,18600
744822,769597117,2022,76943,62000,"Rent",2333.68997237843,37900
744822,769597117,2023,76943,10000,"Rent",36698.1998338655,36700
744822,769597117,2024,76943,9000,"Rent",36699.4099321302,36700
745545,966839525,2022,28455,79000,"Rent",5410.0854456014,34600
745545,966839525,2023,28455,121000,"Rent",33373.1410479869,33400
745545,966839525,2024,28455,169000,"Rent",33399.9999999834,33400
746688,608049952,2022,96691,36000,"Own",16757.7078466205,23400
746688,608049952,2023,96691,49000,"Own",16679.351286483,22500
746688,608049952,2024,96691,61000,"Rent",10506.7882195169,21500
750975,746171629,2022,56530,86000,"Own",1437.06138412781,18700
750975,746171629,2023,56530,71000,"Rent",318.530248717813,18700
750975,746171629,2024,56530,78000,"Rent",221.876671142508,18700
754237,500646879,2022,84929,45000,"Rent",468.540536847004,39400
754237,500646879,2023,84929,45000,"Own",3459.42262247398,39400
754237,500646879,2024,84929,39000,"Own",7687.62094605581,39400
756085,838964890,2022,20591,51000,"Rent",12627.7153968278,13600
756085,838964890,2023,20591,23000,"Rent",13441.8818816783,13600
756085,838964890,2024,20591,18000,"Rent",13541.3429130006,13600
756946,274158912,2022,18266,33000,"Rent",363.573325759092,37800
756946,274158912,2023,18266,27000,"Own",5492.52801321434,37800
756946,274158912,2024,18266,41000,"Own",1632.68062730023,37800
757554,914071558,2022,46596,41000,"Rent",1920.88234710563,25300
757554,914071558,2023,46596,12000,"Own",25289.7013307943,25300
757554,914071558,2024,46596,15000,"Rent",25138.0603922871,25300
758572,451242664,2022,44852,51000,"Rent",1242.69783836085,36600
758572,451242664,2023,44852,42000,"Rent",2167.03274512895,36600
758572,451242664,2024,44852,43000,"Rent",2153.14989755334,36600
759683,566942591,2022,46041,65000,"Own",2052.36529600349,41300
759683,566942591,2023,46041,85000,"Own",969.327315750019,41300
759683,566942591,2024,46041,55000,"Own",8030.0209108238,41300
760803,106329603,2022,12253,89000,"Rent",1416.0978764702,9500
760803,106329603,2023,12253,34000,"Rent",6324.08005272357,8300
760803,106329603,2024,12253,8000,"Rent",8298.20431313399,8300
766053,980239792,2022,74524,71000,"Rent",884.816931466531,25600
766053,980239792,2023,74524,56000,"Own",3213.67745776165,25600
766053,980239792,2024,74524,49000,"Own",4161.23721692956,25600
767532,481606206,2022,48175,46000,"Rent",523.937409527786,35500
767532,481606206,2023,48175,59000,"Own",5571.01104715742,35500
767532,481606206,2024,48175,64000,"Rent",1148.22210407683,35500
773613,532735101,2022,94636,55000,"Rent",153.719567842378,31800
773613,532735101,2023,94636,90000,"Rent",1347.26813125183,31800
773613,532735101,2024,94636,116000,"Rent",29411.0937283234,31800
775379,916236922,2022,70605,90000,"Rent",55.5769232816886,12000
775379,916236922,2023,70605,79000,"Rent",159.597245258094,12000
775379,916236922,2024,70605,69000,"Rent",1018.22773263764,12000
776055,444927818,2022,29089,41000,"Rent",561.881132493096,25300
776055,444927818,2023,29089,36000,"Rent",1461.76099312184,25300
776055,444927818,2024,29089,28000,"Rent",8069.76313193183,25300
786095,574383954,2022,52358,26000,"Rent",7961.85078258,11000
786095,574383954,2023,52358,42000,"Own",6375.50500048809,11000
786095,574383954,2024,52358,27000,"Rent",8569.45723999233,11000
790403,122234572,2022,84008,46000,"Rent",2031.56798709275,9500
790403,122234572,2023,84008,18000,"Rent",9495.37217946341,9500
790403,122234572,2024,84008,9000,"Rent",9499.94754935121,9500
791299,112744426,2022,42649,81000,"Rent",154.261301020039,16600
791299,112744426,2023,42649,86000,"Rent",208.332420028368,16600
791299,112744426,2024,42649,152000,"Rent",16599.9906557155,16600
792886,591450430,2022,29183,42000,"Rent",4590.74263695593,21400
792886,591450430,2023,29183,22000,"Rent",20944.5453712144,21400
792886,591450430,2024,29183,14000,"Rent",17899.6364391983,17900
795209,602402895,2022,52863,38000,"Rent",198.237314468344,17200
795209,602402895,2023,52863,23000,"Rent",285.607534449306,17200
795209,602402895,2024,52863,25000,"Own",1850.0240570789,17200
796799,324756645,2022,54225,113000,"Own",3064.79699170335,3100
796799,324756645,2023,54225,2000,"Own",1599.99999999992,1600
796799,324756645,2024,54225,3000,"Own",599.999999999998,600
798901,711769114,2022,17855,27000,"Own",2799.92858883301,2800
798901,711769114,2023,17855,26000,"Rent",2799.65065012703,2800
798901,711769114,2024,17855,31000,"Rent",2399.7919486038,2400
801457,547672301,2022,20258,82000,"Own",15284.4299065584,15300
801457,547672301,2023,20258,33000,"Rent",15194.9806160509,15300
801457,547672301,2024,20258,41000,"Own",15263.4381910318,15300
804367,802765072,2022,12599,77000,"Rent",1052.2434042397,39900
804367,802765072,2023,12599,75000,"Rent",591.275651842564,39900
804367,802765072,2024,12599,71000,"Rent",331.319081812396,39900
806736,811140093,2022,81310,84000,"Rent",2019.52835652599,27500
806736,811140093,2023,81310,75000,"Rent",4131.32885622968,26400
806736,811140093,2024,81310,95000,"Own",22375.8766790051,25400
807261,260899224,2022,60332,79000,"Rent",401.097989584008,17000
807261,260899224,2023,60332,87000,"Rent",962.910733185924,17000
807261,260899224,2024,60332,117000,"Rent",16673.4291066035,17000
807607,880743532,2022,40431,42000,"Rent",239.347314586959,18900
807607,880743532,2023,40431,42000,"Own",1840.40601112491,18900
807607,880743532,2024,40431,31000,"Own",6864.85325332147,18900
808856,819321823,2022,38245,9000,"Rent",6776.49090376244,24000
808856,819321823,2023,38245,14000,"Rent",9211.44787485842,23000
808856,819321823,2024,38245,15000,"Rent",14654.2155530752,22100
810986,914019594,2022,30903,103000,"Own",299.999993966603,300
810986,914019594,2023,30903,83000,"Rent",299.999273677395,300
810986,914019594,2024,30903,115000,"Rent",299.999999932134,300
811387,535469132,2022,39068,72000,"Rent",530.193308400901,10400
811387,535469132,2023,39068,86000,"Rent",610.167401984304,9800
811387,535469132,2024,39068,43000,"Rent",9165.42666516751,9200
814791,405736815,2022,26172,89000,"Rent",444.751431515056,16700
814791,405736815,2023,26172,89000,"Rent",355.39755799471,16700
814791,405736815,2024,26172,81000,"Own",1052.2779883378,16700
818153,437598248,2022,19401,53000,"Rent",3786.32140716079,35300
818153,437598248,2023,19401,35000,"Own",8606.84604351073,35300
818153,437598248,2024,19401,13000,"Rent",27200.8720377188,31800
820411,967604485,2022,33142,106000,"Rent",20082.3617291574,20100
820411,967604485,2023,33142,119000,"Own",19199.9181009001,19200
820411,967604485,2024,33142,28000,"Rent",18299.9932387692,18300
820926,521109853,2022,11908,35000,"Rent",15854.5558727376,17100
820926,521109853,2023,11908,22000,"Own",9799.47689825827,9800
820926,521109853,2024,11908,24000,"Rent",8599.50804120528,8600
824449,309623187,2022,35772,54000,"Rent",467.979709176857,25700
824449,309623187,2023,35772,32000,"Rent",2592.43092131147,25700
824449,309623187,2024,35772,46000,"Rent",666.996373098055,25700
824729,552826151,2022,58191,48000,"Rent",3699.15880134437,3700
824729,552826151,2023,58191,67000,"Own",3299.92153693435,3300
824729,552826151,2024,58191,74000,"Rent",2999.84684196348,3000
824808,552826151,2022,58191,40000,"Rent",3699.67931945064,3700
824808,552826151,2023,58191,64000,"Own",3299.92048541685,3300
824808,552826151,2024,58191,70000,"Rent",2999.82005032851,3000
825596,977709044,2022,80011,25000,"Rent",18288.9694616392,19400
825596,977709044,2023,80011,11000,"Rent",18495.5599358236,18500
825596,977709044,2024,80011,10000,"Rent",17599.3938492044,17600
826082,335585617,2022,22237,46000,"Rent",7568.37037701578,11000
826082,335585617,2023,22237,70000,"Rent",7296.57204700997,9700
826082,335585617,2024,22237,63000,"Own",9388.61903949203,9700
830997,838884313,2022,14125,81000,"Rent",7276.09914634349,26600
830997,838884313,2023,14125,76000,"Rent",2399.79639184517,26600
830997,838884313,2024,14125,102000,"Rent",26062.9303129893,26600
831818,763626575,2022,30446,74000,"Rent",161.006257419387,12200
831818,763626575,2023,30446,118000,"Rent",11863.4220285409,12200
831818,763626575,2024,30446,122000,"Own",12170.2978881395,12200
833134,637757160,2022,39525,38000,"Rent",5287.75210379902,33900
833134,637757160,2023,39525,36000,"Rent",6965.44082503809,33900
833134,637757160,2024,39525,27000,"Rent",25188.4786001721,32700
833495,175316284,2022,61883,0,"Rent",1588.65014863764,39100
833495,175316284,2023,61883,0,"Own",11664.836842413,39100
833495,175316284,2024,61883,0,"Own",13204.1114342502,39100
833809,164916363,2022,84227,29000,"Rent",5179.45877677947,35900
833809,164916363,2023,84227,14000,"Own",32885.1239981088,35900
833809,164916363,2024,84227,8000,"Own",33407.9161871008,33500
837358,860557546,2022,18098,27000,"Own",1692.79702933722,11000
837358,860557546,2023,18098,30000,"Rent",246.107481701712,11000
837358,860557546,2024,18098,25000,"Rent",322.625402637549,11000
838157,588655334,2022,42769,42000,"Own",3690.03353051384,3700
838157,588655334,2023,42769,24000,"Rent",3698.94043235069,3700
838157,588655334,2024,42769,28000,"Rent",1999.8559751339,2000
839300,858832998,2022,66010,51000,"Own",1227.71194080342,11700
839300,858832998,2023,66010,32000,"Rent",3002.45660429596,11700
839300,858832998,2024,66010,19000,"Rent",10928.4424274176,11700
839718,729536880,2022,59554,53000,"Own",918.765471559686,12700
839718,729536880,2023,59554,56000,"Rent",131.971009154673,12700
839718,729536880,2024,59554,20000,"Own",9577.99440366001,12700
842215,926765356,2022,96833,63000,"Rent",1995.67162522214,25500
842215,926765356,2023,96833,24000,"Rent",671.98560299696,25500
842215,926765356,2024,96833,32000,"Own",2802.85583662941,25500
842930,544296590,2022,52858,25000,"Own",3188.14081694119,28900
842930,544296590,2023,52858,44000,"Rent",342.759745885048,28900
842930,544296590,2024,52858,63000,"Rent",1585.10554001922,28900
850311,636400825,2022,56392,69000,"Rent",299.994601281049,300
850311,636400825,2023,56392,30000,"Own",299.998745865807,300
850311,636400825,2024,56392,10000,"Own",299.999998612301,300
852571,806203840,2022,91686,69000,"Rent",2619.32797585231,37200
852571,806203840,2023,91686,54000,"Rent",10690.9888985136,36000
852571,806203840,2024,91686,44000,"Rent",29457.5220651012,34800
853382,230206837,2022,84498,92000,"Rent",369.372712125807,32000
853382,230206837,2023,84498,134000,"Rent",31867.7642493172,32000
853382,230206837,2024,84498,124000,"Own",31099.9399616813,32000
853972,266212602,2022,60858,73000,"Rent",277.026395523932,24000
853972,266212602,2023,60858,87000,"Rent",431.728956522006,24000
853972,266212602,2024,60858,69000,"Rent",306.682792042714,24000
858285,494885185,2022,32176,35000,"Own",8674.38498194149,9700
858285,494885185,2023,32176,49000,"Own",8269.52583179315,8500
858285,494885185,2024,32176,38000,"Rent",7663.75248438577,8000
861364,148803998,2022,93791,29000,"Own",2072.71289397549,38800
861364,148803998,2023,93791,24000,"Rent",430.197854612634,38800
861364,148803998,2024,93791,11000,"Rent",2277.05941991804,38800
863469,517355776,2022,83251,84000,"Own",2386.65298143411,32700
863469,517355776,2023,83251,84000,"Rent",290.899507848376,32700
863469,517355776,2024,83251,84000,"Rent",236.851055079637,32700
863780,369131364,2022,18271,57000,"Rent",138.972087612305,26900
863780,369131364,2023,18271,71000,"Rent",108.247121069317,26900
863780,369131364,2024,18271,71000,"Rent",102.250800217522,26900
865010,749098237,2022,60880,71000,"Rent",11811.2501404764,15400
865010,749098237,2023,60880,95000,"Rent",15354.117593112,15400
865010,749098237,2024,60880,49000,"Own",13757.4098929216,14700
867640,629513240,2022,71351,27000,"Own",5973.92345320145,15200
867640,629513240,2023,71351,24000,"Own",7873.32384634834,15200
867640,629513240,2024,71351,13000,"Own",13773.935130386,15200
867945,441152198,2022,95320,44000,"Rent",344.420824948148,11600
867945,441152198,2023,95320,62000,"Rent",211.199006153405,11600
867945,441152198,2024,95320,41000,"Own",3036.82745582594,11600
868106,440668129,2022,96631,96000,"Rent",187.203227161857,32500
868106,440668129,2023,96631,114000,"Own",8598.65815408773,31400
868106,440668129,2024,96631,137000,"Own",29027.2997119785,29200
868160,131203276,2022,78554,80000,"Rent",423.280478733401,40100
868160,131203276,2023,78554,99000,"Rent",3124.54476965311,40100
868160,131203276,2024,78554,130000,"Rent",39882.1030172782,40100
868480,543628794,2022,57758,24000,"Rent",481.331315835548,9200
868480,543628794,2023,57758,32000,"Rent",234.343447832764,9200
868480,543628794,2024,57758,32000,"Rent",253.935348251157,9200
873062,203909630,2022,81943,32000,"Rent",612.404605035674,10600
873062,203909630,2023,81943,52000,"Own",2135.16640655239,10600
873062,203909630,2024,81943,54000,"Rent",345.028293337505,10600
874286,713339871,2022,22412,20000,"Rent",29820.2558825913,34600
874286,713339871,2023,22412,20000,"Rent",30939.3544959673,34600
874286,713339871,2024,22412,14000,"Rent",34265.7030157759,34600
874946,733764036,2022,53539,49000,"Own",891.634487411496,13600
874946,733764036,2023,53539,23000,"Rent",2110.87515795824,13600
874946,733764036,2024,53539,12000,"Own",12973.9951508588,13600
878022,283329780,2022,33330,52000,"Rent",140.232510838514,11600
878022,283329780,2023,33330,27000,"Rent",527.005695265327,11600
878022,283329780,2024,33330,39000,"Own",1232.59690257309,11600
878200,155186353,2022,92422,52000,"Own",8822.94172724002,8900
878200,155186353,2023,92422,75000,"Rent",8553.47774865949,8900
878200,155186353,2024,92422,54000,"Rent",8349.73433317721,8900
879507,639886021,2022,49037,74000,"Rent",1855.8446512807,8200
879507,639886021,2023,49037,60000,"Rent",1941.71558944364,8200
879507,639886021,2024,49037,85000,"Own",6244.90966104416,8200
884419,612959316,2022,49564,69000,"Own",2909.6229358638,37600
884419,612959316,2023,49564,80000,"Rent",757.506415117417,37600
884419,612959316,2024,49564,111000,"Rent",31315.3527992124,37600
885384,505454407,2022,91428,32000,"Own",29273.1460395374,29300
885384,505454407,2023,91428,33000,"Rent",29127.6744466306,29300
885384,505454407,2024,91428,52000,"Rent",25476.2216269947,28200
885622,690087987,2022,93654,35000,"Rent",186.501840834041,16100
885622,690087987,2023,93654,30000,"Own",1638.06148429836,16100
885622,690087987,2024,93654,19000,"Own",4520.66967214551,16100
886890,913833596,2022,92471,55000,"Rent",1623.22498330248,29800
886890,913833596,2023,92471,48000,"Rent",3868.73491009731,29800
886890,913833596,2024,92471,72000,"Rent",2047.00105022714,28700
886977,197996727,2022,38612,95000,"Own",7308.7578231001,21700
886977,197996727,2023,38612,99000,"Rent",1788.26969318261,21700
886977,197996727,2024,38612,78000,"Rent",478.332093689391,21700
888906,926765356,2022,96833,53000,"Rent",647.936327025076,25500
888906,926765356,2023,96833,34000,"Rent",366.348129575144,25500
888906,926765356,2024,96833,76000,"Rent",8175.71624817332,25500
889124,163039200,2022,33936,66000,"Rent",120.132421744623,35600
889124,163039200,2023,33936,49000,"Rent",240.445747580292,35600
889124,163039200,2024,33936,36000,"Rent",1584.89284446657,35600
889668,658219631,2022,94134,51000,"Rent",306.538636920808,15800
889668,658219631,2023,94134,34000,"Rent",4529.76519068295,15800
889668,658219631,2024,94134,20000,"Own",15721.5339255722,15800
890387,416059446,2022,23175,19000,"Rent",2892.16109019155,18100
890387,416059446,2023,23175,22000,"Own",9466.96068191789,18100
890387,416059446,2024,23175,19000,"Rent",4830.8968884172,18100
890891,390459163,2022,83556,77000,"Rent",1168.28657186305,20800
890891,390459163,2023,83556,94000,"Own",16677.1635682778,19900
890891,390459163,2024,83556,90000,"Rent",15440.1683857328,17300
892845,605111613,2022,66577,81000,"Own",16377.0638075533,17100
892845,605111613,2023,66577,61000,"Own",9784.01276753326,9800
892845,605111613,2024,66577,87000,"Own",9785.57424083098,9800
892966,445514363,2022,14150,95000,"Rent",6852.65650278107,7300
892966,445514363,2023,14150,53000,"Rent",6199.85555123156,6200
892966,445514363,2024,14150,58000,"Rent",5799.88662150699,5800
896885,570915464,2022,27580,36000,"Rent",1932.6515663702,15200
896885,570915464,2023,27580,39000,"Rent",6938.25282018499,13700
896885,570915464,2024,27580,33000,"Own",12082.9842275446,12200
897739,177398341,2022,75686,0,"Rent",4420.80548565356,12700
897739,177398341,2023,75686,0,"Rent",5441.63746528159,12700
897739,177398341,2024,75686,0,"Rent",6379.6448565212,12700
899646,367822064,2022,11374,48000,"Rent",1052.61335362553,23200
899646,367822064,2023,11374,32000,"Own",20913.6885288581,23200
899646,367822064,2024,11374,35000,"Rent",10513.8439637992,23200
902587,647485609,2022,16416,93000,"Rent",85.2670628821704,21500
902587,647485609,2023,16416,117000,"Rent",199.121386182526,21500
902587,647485609,2024,16416,124000,"Rent",403.530192282182,21500
902827,231842542,2022,19711,59000,"Rent",586.726326968484,27200
902827,231842542,2023,19711,80000,"Rent",1580.28880758121,26200
902827,231842542,2024,19711,113000,"Rent",23805.0361259635,24200
904112,243742171,2022,79746,87000,"Rent",96.8777116241975,33100
904112,243742171,2023,79746,56000,"Own",28692.3175269545,33100
904112,243742171,2024,79746,14000,"Rent",33099.9987263256,33100
906287,518953437,2022,77491,42000,"Own",4395.26053857358,31800
906287,518953437,2023,77491,27000,"Rent",6013.12956545032,31800
906287,518953437,2024,77491,15000,"Rent",27355.7648786357,31800
914975,251736401,2022,37864,50000,"Rent",308.900747030211,38800
914975,251736401,2023,37864,27000,"Own",32600.3712231386,38800
914975,251736401,2024,37864,22000,"Rent",31795.0765753887,38800
916970,872661620,2022,72737,56000,"Own",3886.03889353483,24200
916970,872661620,2023,72737,54000,"Rent",2243.71785311227,23200
916970,872661620,2024,72737,70000,"Rent",8437.93682811218,20400
920328,905533653,2022,68035,24000,"Rent",479.31381453641,31100
920328,905533653,2023,68035,21000,"Own",4900.6324793535,31100
920328,905533653,2024,68035,21000,"Own",5935.77689215914,31100
920674,237472449,2022,33585,74000,"Rent",225.114901748049,33800
920674,237472449,2023,33585,65000,"Rent",135.296357670949,33800
920674,237472449,2024,33585,70000,"Own",1036.88200795265,33800
921259,880414292,2022,85470,40000,"Own",3062.96645128032,41300
921259,880414292,2023,85470,35000,"Rent",944.706874444497,41300
921259,880414292,2024,85470,43000,"Rent",401.756776357777,41300
922141,979252015,2022,57859,50000,"Rent",1546.80898828141,18700
922141,979252015,2023,57859,23000,"Own",18478.3510196329,18700
922141,979252015,2024,57859,18000,"Rent",17807.1315023219,17900
924611,503839186,2022,97841,72000,"Own",12098.8917879936,27700
924611,503839186,2023,97841,44000,"Rent",3506.24978761231,26600
924611,503839186,2024,97841,49000,"Own",21555.6983505674,24600
925289,259524172,2022,12720,33000,"Rent",487.885534611096,18800
925289,259524172,2023,12720,31000,"Own",3508.4898393753,18800
925289,259524172,2024,12720,35000,"Own",3014.05959361545,18800
925799,459226971,2022,29720,14000,"Rent",7721.70635524962,31700
925799,459226971,2023,29720,4000,"Rent",22043.1235399183,31700
925799,459226971,2024,29720,4000,"Own",30130.6637866945,30600
930234,300521287,2022,54582,21000,"Rent",28132.4638833528,29700
930234,300521287,2023,54582,30000,"Rent",27038.1227642676,27600
930234,300521287,2024,54582,37000,"Rent",26144.2008471285,26500
931022,708619076,2022,12095,67000,"Rent",545.46989050734,34700
931022,708619076,2023,12095,91000,"Rent",77.5395834498863,34700
931022,708619076,2024,12095,63000,"Own",10180.8193706477,34700
933177,914019594,2022,30903,34000,"Rent",299.99143196066,300
933177,914019594,2023,30903,12000,"Own",299.99999868971,300
933177,914019594,2024,30903,12000,"Own",299.999999890285,300
933479,112170586,2022,13548,23000,"Rent",306.050444507286,10200
933479,112170586,2023,13548,18000,"Own",2637.66374228319,10200
933479,112170586,2024,13548,14000,"Rent",765.738387875257,10200
933991,113556046,2022,99224,54000,"Own",4159.08268143692,37500
933991,113556046,2023,99224,73000,"Rent",3125.55815728845,37500
933991,113556046,2024,99224,79000,"Rent",6028.98941037677,37500
934125,537106420,2022,87943,80000,"Rent",7197.1837326579,7300
934125,537106420,2023,87943,69000,"Own",6198.59702465952,6200
934125,537106420,2024,87943,94000,"Own",5299.91960182883,5300
935618,461963390,2022,40134,42000,"Rent",14054.0428056642,17700
935618,461963390,2023,40134,22000,"Rent",17649.5782074102,17700
935618,461963390,2024,40134,11000,"Rent",16099.9023175166,16100
936276,999092611,2022,93064,32000,"Rent",22769.0789574984,25800
936276,999092611,2023,93064,38000,"Rent",22779.9557272083,24800
936276,999092611,2024,93064,59000,"Rent",17608.5066320598,24800
937186,251288276,2022,57628,81000,"Rent",905.284379074614,23700
937186,251288276,2023,57628,70000,"Rent",1246.69316402168,23700
937186,251288276,2024,57628,73000,"Rent",1108.3620916506,23700
937759,858315751,2022,56805,54000,"Rent",409.913958223719,37600
937759,858315751,2023,56805,76000,"Rent",226.915920571593,37600
937759,858315751,2024,56805,84000,"Own",2142.24089412505,37600
939163,634319926,2022,98734,79000,"Rent",254.889152078663,11700
939163,634319926,2023,98734,53000,"Own",4799.22357522625,11700
939163,634319926,2024,98734,69000,"Rent",273.471279751943,11700
944013,601634746,2022,22320,81000,"Own",5630.99578652151,35200
944013,601634746,2023,22320,42000,"Rent",1292.89912656568,35200
944013,601634746,2024,22320,21000,"Rent",25820.7511788125,35200
944704,949747500,2022,80295,14000,"Rent",18317.9466310152,22700
944704,949747500,2023,80295,12000,"Rent",20806.7846810052,22700
944704,949747500,2024,80295,16000,"Rent",19405.1176759586,22700
946316,458830098,2022,95433,42000,"Rent",3198.80553222969,3300
946316,458830098,2023,95433,32000,"Rent",3220.87180204718,3300
946316,458830098,2024,95433,28000,"Rent",2982.35393541368,3000
951944,999721308,2022,18934,48000,"Own",5533.5296145113,19200
951944,999721308,2023,18934,41000,"Own",13182.720206124,19200
951944,999721308,2024,18934,40000,"Own",14980.8924593373,19200
958368,450873847,2022,79924,63000,"Own",3238.75641232405,10600
958368,450873847,2023,79924,89000,"Own",6615.7619469167,10600
958368,450873847,2024,79924,50000,"Rent",1498.77274116674,10600
959618,271072066,2022,33296,75000,"Own",677.581923605784,41300
959618,271072066,2023,33296,82000,"Rent",99.4427495643461,41300
959618,271072066,2024,33296,132000,"Rent",38864.0058481279,41300
961038,719212109,2022,68443,56000,"Rent",12124.2803630675,12600
961038,719212109,2023,68443,103000,"Own",11199.9835828032,11200
961038,719212109,2024,68443,109000,"Rent",9899.99552724986,9900
962590,351663032,2022,27201,44000,"Own",19693.3794064909,20300
962590,351663032,2023,27201,63000,"Rent",16785.3061056456,16900
962590,351663032,2024,27201,77000,"Rent",16842.3332461786,16900
963840,237472449,2022,33585,26000,"Own",18929.2788363347,33800
963840,237472449,2023,33585,1000,"Rent",33719.934048914,33800
963840,237472449,2024,33585,1000,"Own",33792.8666657098,33800
965672,868971003,2022,95140,51000,"Rent",483.722322694138,13100
965672,868971003,2023,95140,32000,"Own",9105.08872828948,13100
965672,868971003,2024,95140,24000,"Rent",8580.41632522169,13100
968291,228539067,2022,58526,75000,"Rent",2026.97099743898,18100
968291,228539067,2023,58526,39000,"Rent",231.867570531927,18100
968291,228539067,2024,58526,55000,"Rent",199.284286413608,18100
969876,851254520,2022,56225,0,"Rent",8016.3964479395,8900
969876,851254520,2023,56225,0,"Own",8805.19408263494,8900
969876,851254520,2024,56225,0,"Rent",8473.84225888005,8900
974467,161150613,2022,62749,44000,"Own",1204.62735217629,14700
974467,161150613,2023,62749,13000,"Own",13412.8376293831,14700
974467,161150613,2024,62749,7000,"Rent",13372.1022714988,14700
974560,386995946,2022,46248,43000,"Rent",18961.1439969232,27200
974560,386995946,2023,46248,48000,"Rent",13329.7129898337,27200
974560,386995946,2024,46248,60000,"Rent",3066.53376174588,27200
979632,947927410,2022,80681,25000,"Own",2180.97586008003,24000
979632,947927410,2023,80681,19000,"Own",3956.27683311414,24000
979632,947927410,2024,80681,22000,"Rent",521.39139718846,24000
980022,975202623,2022,56790,56000,"Own",990.094948366098,25100
980022,975202623,2023,56790,91000,"Rent",841.529325058864,25100
980022,975202623,2024,56790,97000,"Rent",1557.11781647239,25100
983010,891215345,2022,84085,56000,"Rent",1393.01364718979,12700
983010,891215345,2023,84085,67000,"Rent",3031.65705052043,12000
983010,891215345,2024,84085,93000,"Own",11268.0281029129,11400
983730,649159502,2022,67921,46000,"Rent",166.329564220198,33800
983730,649159502,2023,67921,13000,"Rent",4590.22622855727,33800
983730,649159502,2024,67921,3000,"Own",32090.4175931884,33800
984321,337229037,2022,79599,17000,"Rent",13818.3923198753,16200
984321,337229037,2023,79599,4000,"Own",16186.6681183977,16200
984321,337229037,2024,79599,2000,"Own",15398.4694321773,15400
986044,680743260,2022,74947,95000,"Own",9877.59406920707,34200
986044,680743260,2023,74947,58000,"Rent",2022.55176407118,34200
986044,680743260,2024,74947,1e+05,"Rent",1942.94652907505,34200
986788,965610675,2022,66101,89000,"Rent",11401.2908031785,15100
986788,965610675,2023,66101,70000,"Rent",2594.38746121744,14300
986788,965610675,2024,66101,1e+05,"Own",14264.568755526,14300
989266,828131225,2022,22512,85000,"Own",1049.39605860662,9400
989266,828131225,2023,22512,76000,"Rent",173.380721469327,9400
989266,828131225,2024,22512,54000,"Rent",2107.53662709852,9400
990101,261201430,2022,17653,69000,"Rent",313.337214646854,25600
990101,261201430,2023,17653,79000,"Rent",284.708027205782,25600
990101,261201430,2024,17653,127000,"Rent",24282.5925977977,25600
994602,979425399,2022,29068,30000,"Rent",1014.67223966878,32600
994602,979425399,2023,29068,54000,"Rent",4322.76707389438,32600
994602,979425399,2024,29068,44000,"Own",8022.49356977547,32600
995209,321604063,2022,54247,105000,"Rent",4567.37691898325,9500
995209,321604063,2023,54247,125000,"Own",9483.28149348611,9500
995209,321604063,2024,54247,115000,"Rent",7965.5675075613,8300
998349,651078277,2022,20784,71000,"Rent",357.55530965935,25100
998349,651078277,2023,20784,106000,"Own",9223.46070047351,25100
998349,651078277,2024,20784,136000,"Rent",24770.5074705566,25100
999942,852665058,2022,13765,94000,"Rent",420.576697925614,13300
999942,852665058,2023,13765,1e+05,"Rent",1238.40944197756,12600
999942,852665058,2024,13765,26000,"Rent",12599.7073519874,12600
